/*
 Navicat Premium Data Transfer

 Source Server         : localMySQL
 Source Server Type    : MySQL
 Source Server Version : 80011
 Source Host           : localhost:3306
 Source Schema         : whitetown_dog

 Target Server Type    : MySQL
 Target Server Version : 80011
 File Encoding         : 65001

 Date: 10/09/2020 22:44:47
*/

SET NAMES utf8mb4;
SET FOREIGN_KEY_CHECKS = 0;

-- ----------------------------
-- Table structure for dept_info
-- ----------------------------
DROP TABLE IF EXISTS `dept_info`;
CREATE TABLE `dept_info`  (
  `dept_id` bigint(20) NOT NULL AUTO_INCREMENT COMMENT '主键ID',
  `dept_code` varchar(30) CHARACTER SET utf8 COLLATE utf8_general_ci NULL DEFAULT NULL COMMENT '部门编码',
  `dept_name` varchar(30) CHARACTER SET utf8 COLLATE utf8_general_ci NULL DEFAULT NULL COMMENT '部门名称',
  `parent_id` bigint(20) NULL DEFAULT NULL COMMENT '上级部门ID',
  `dept_level` int(11) NOT NULL COMMENT '部门层级',
  `boss_position_id` bigint(20) NULL DEFAULT NULL COMMENT '负责人应对应的职位ID',
  `boss_position_name` varchar(30) CHARACTER SET utf8 COLLATE utf8_general_ci NULL DEFAULT NULL COMMENT '负责人应对应职位名称',
  `boss_user_id` bigint(20) NULL DEFAULT NULL COMMENT '实际负责人ID',
  `boss_name` varchar(30) CHARACTER SET utf8 COLLATE utf8_general_ci NULL DEFAULT NULL COMMENT '实际负责人姓名',
  `address` varchar(100) CHARACTER SET utf8 COLLATE utf8_general_ci NULL DEFAULT NULL COMMENT '办公地址',
  `phone` varchar(30) CHARACTER SET utf8 COLLATE utf8_general_ci NULL DEFAULT NULL COMMENT '联系电话',
  `description` varchar(254) CHARACTER SET utf8 COLLATE utf8_general_ci NULL DEFAULT NULL COMMENT '部门描述',
  `dept_status` int(11) NULL DEFAULT NULL COMMENT '部门状态',
  `create_time` datetime(0) NULL DEFAULT NULL COMMENT '创建时间',
  `create_user_id` bigint(20) NULL DEFAULT NULL COMMENT '创建人ID',
  `update_time` datetime(0) NULL DEFAULT NULL COMMENT '更新时间',
  `update_user_id` bigint(20) NULL DEFAULT NULL COMMENT '更新人ID',
  PRIMARY KEY (`dept_id`) USING BTREE
) ENGINE = InnoDB AUTO_INCREMENT = 13 CHARACTER SET = utf8 COLLATE = utf8_general_ci ROW_FORMAT = Dynamic;

-- ----------------------------
-- Records of dept_info
-- ----------------------------
INSERT INTO `dept_info` VALUES (1, 'top', '最高层级', 0, 0, NULL, NULL, 1, 'GrainRain', '重庆-中国', '023-00000000', '无实际意义,代表最高层级', 0, '2020-07-19 17:49:39', 1, NULL, NULL);
INSERT INTO `dept_info` VALUES (2, 'board', '董事会', 7, 2, 1, '董事长', 15, '大佬徐', '中国-重庆-巴南区', '18883033906', '决策与战略支持', 0, '2020-07-19 22:37:15', 2, '2020-08-01 10:18:24', 1);
INSERT INTO `dept_info` VALUES (3, 'center', '总公司', 1, 1, 4, '总经理', 1, 'GrainRain', '重庆', '18883033906', '总公司', 0, '2020-07-23 23:06:40', NULL, NULL, NULL);
INSERT INTO `dept_info` VALUES (4, 'manager_office_center', '总经办', 3, 2, 4, '总经理', 1, 'GrainRain', '重庆', NULL, '总公司-总经办', 0, '2020-07-23 23:14:39', NULL, NULL, NULL);
INSERT INTO `dept_info` VALUES (5, 'r&d_center', '研发部', 3, 2, 6, '研发部长', 13, '僵尸粉', '重庆', '18883033906', '研发中心,隶属总部', 0, '2020-07-21 22:12:15', 1, NULL, NULL);
INSERT INTO `dept_info` VALUES (6, 'operations_center', '运营部', 3, 2, 8, '运营部长', NULL, NULL, '重庆', '18883033906', '运营中心,隶属总部', 0, '2020-07-23 23:09:58', NULL, NULL, NULL);
INSERT INTO `dept_info` VALUES (7, 'white_town', '白镇', 1, 1, 1, '董事长', 15, '大佬徐', '中国-重庆', '18883033906', '白镇中心', 0, '2020-07-25 16:14:19', NULL, '2020-08-01 10:07:01', 1);
INSERT INTO `dept_info` VALUES (9, 'chengdu_center', '成都分公司', 1, 1, 16, '大区经理-成都', 12, '德州扑克', '成都-中国', '028-88888888', '成都销售公司', 0, '2020-07-25 22:36:41', 1, '2020-07-26 12:22:24', 1);
INSERT INTO `dept_info` VALUES (10, 'sales_chengdu', '销售部', 9, 2, 15, '销售部长', 12, '德州扑克', '成都-锦鲤', '028-00000000', '成都分公司销售部', 1, '2020-07-25 22:43:41', 1, '2020-07-26 12:24:40', 1);
INSERT INTO `dept_info` VALUES (11, 'finance_chengdu', '财务部', 9, 2, 17, '财务部长', 14, '安培', '成都-锦鲤', '028-00000001', '成都分公司财务部', 0, '2020-07-25 22:45:32', 1, '2020-07-26 12:29:09', 1);
INSERT INTO `dept_info` VALUES (12, 'sales_center', '销售部', 3, 2, NULL, NULL, NULL, NULL, '重庆-解放碑', '023-88885555', '总公司销售部门', 0, '2020-07-25 22:47:32', 1, NULL, NULL);

-- ----------------------------
-- Table structure for position_info
-- ----------------------------
DROP TABLE IF EXISTS `position_info`;
CREATE TABLE `position_info`  (
  `position_id` bigint(20) NOT NULL AUTO_INCREMENT COMMENT '主键ID',
  `dept_id` bigint(20) NULL DEFAULT NULL COMMENT '部门ID,关联部门表',
  `dept_code` varchar(100) CHARACTER SET utf8 COLLATE utf8_general_ci NULL DEFAULT NULL COMMENT '部门编码',
  `dept_name` varchar(30) CHARACTER SET utf8 COLLATE utf8_general_ci NULL DEFAULT NULL COMMENT '部门名称',
  `position_code` varchar(100) CHARACTER SET utf8 COLLATE utf8_general_ci NULL DEFAULT NULL COMMENT '职位编码',
  `position_name` varchar(30) CHARACTER SET utf8 COLLATE utf8_general_ci NULL DEFAULT NULL COMMENT '职位名称',
  `position_level` int(11) NULL DEFAULT NULL COMMENT '职位级别',
  `position_sort` int(11) NULL DEFAULT NULL COMMENT '职位排序',
  `description` varchar(100) CHARACTER SET utf8 COLLATE utf8_general_ci NULL DEFAULT NULL COMMENT '职位描述',
  `position_status` int(11) NULL DEFAULT NULL COMMENT '职位状态',
  `create_time` datetime(0) NULL DEFAULT NULL COMMENT '创建时间',
  `create_user_id` bigint(20) NULL DEFAULT NULL COMMENT '创建人ID',
  `update_time` datetime(0) NULL DEFAULT NULL COMMENT '更新时间',
  `update_user_id` bigint(20) NULL DEFAULT NULL COMMENT '更新人ID',
  PRIMARY KEY (`position_id`) USING BTREE
) ENGINE = InnoDB AUTO_INCREMENT = 17 CHARACTER SET = utf8 COLLATE = utf8_general_ci COMMENT = '职位信息表' ROW_FORMAT = Dynamic;

-- ----------------------------
-- Records of position_info
-- ----------------------------
INSERT INTO `position_info` VALUES (1, 2, 'board', '董事会', 'Chairman', '董事长', 1, 1, '董事会主席', 0, '2020-07-20 22:26:59', 1, NULL, NULL);
INSERT INTO `position_info` VALUES (2, 2, 'board', '董事会', 'Vice_Chairman', '副董事长', 2, 3, '副董事长', 0, '2020-07-20 22:27:01', 1, '2020-07-25 15:44:23', 1);
INSERT INTO `position_info` VALUES (3, 2, 'board', '董事会', 'basic_director', '董事', 2, 5, '董事会成员', 0, '2020-07-20 22:27:05', 1, '2020-07-25 15:43:45', 1);
INSERT INTO `position_info` VALUES (4, 4, 'manager_office_center', '总经办', 'manager_center', '总经理', 1, 1, '总公司-总经理', 0, '2020-07-23 23:20:39', 1, NULL, NULL);
INSERT INTO `position_info` VALUES (6, 5, 'r&d_center', '研发部', 'R&D_Minister_Center', '研发部长', 1, 2, '总公司-研发部长', 0, '2020-07-21 22:40:26', 1, '2020-07-25 15:45:02', 1);
INSERT INTO `position_info` VALUES (7, 5, 'r&d_center', '研发部', 'r&d_project_manager_Center', '项目经理', 2, 3, '研发项目经理', 0, '2020-07-22 22:03:55', 2, NULL, NULL);
INSERT INTO `position_info` VALUES (8, 6, 'operations_center', '运营部', 'operations_manager_center', '运营部长', 1, 1, '总公司-运营部长', 0, '2020-07-24 08:44:43', 2, NULL, NULL);
INSERT INTO `position_info` VALUES (9, 4, 'manager_office_center', '总经办', 'financial_director_center', '财务总监', 1, 2, '总公司-财务总监', 0, '2020-07-25 11:57:40', 1, NULL, NULL);
INSERT INTO `position_info` VALUES (10, 4, 'manager_office_center', '总经办', 'technical_director_center', '技术总监', 1, 3, '总公司-技术总监', 0, '2020-07-25 11:58:36', 1, NULL, NULL);
INSERT INTO `position_info` VALUES (11, 5, 'r&d_center', '研发部', 'r&d_engineer_center', '开发工程师', 2, 2, '研发中心-研发工程师', 0, '2020-07-25 12:00:15', 1, NULL, NULL);
INSERT INTO `position_info` VALUES (12, 6, 'operations_center', '运营部', 'operation_project_manager_center', '项目经理', 2, 3, '运营中心-项目经理', 0, '2020-07-25 12:02:47', 1, NULL, NULL);
INSERT INTO `position_info` VALUES (13, 6, 'operations_center', '运营部', 'maintain_center', '运维工程师', 2, 4, '总公司-运维工程师', 0, '2020-07-25 12:04:14', 1, '2020-07-25 15:35:32', 1);
INSERT INTO `position_info` VALUES (14, 5, 'r&d_center', '研发部', 'test_enginner_center', '测试工程师', 2, 5, '研发中心-测试工程师', 0, '2020-07-25 15:36:43', 1, NULL, NULL);
INSERT INTO `position_info` VALUES (15, 10, 'sales_chengdu', '销售部', 'chengdu_sales_manager', '销售部长', 1, 1, '销售部长', 0, '2020-07-26 10:37:54', 1, NULL, NULL);
INSERT INTO `position_info` VALUES (16, 9, 'chengdu_center', '成都分公司', 'chengdu_leader', '大区经理-成都', 1, 1, '成都大区经理', 0, '2020-07-26 10:38:54', 1, NULL, NULL);
INSERT INTO `position_info` VALUES (17, 11, 'finance_chengdu', '财务部', 'chengdu_financial_manager', '财务部长', 1, 1, '成都财务部部长', 0, '2020-07-26 10:40:04', 1, NULL, NULL);

-- ----------------------------
-- Table structure for role_menu
-- ----------------------------
DROP TABLE IF EXISTS `role_menu`;
CREATE TABLE `role_menu`  (
  `id` bigint(20) NOT NULL AUTO_INCREMENT,
  `role_id` bigint(20) NULL DEFAULT NULL,
  `menu_id` bigint(20) NULL DEFAULT NULL,
  PRIMARY KEY (`id`) USING BTREE
) ENGINE = InnoDB AUTO_INCREMENT = 456 CHARACTER SET = utf8 COLLATE = utf8_general_ci COMMENT = '角色菜单关联表' ROW_FORMAT = Dynamic;

-- ----------------------------
-- Records of role_menu
-- ----------------------------
INSERT INTO `role_menu` VALUES (38, 6, 1);
INSERT INTO `role_menu` VALUES (123, 5, 1);
INSERT INTO `role_menu` VALUES (124, 5, 2);
INSERT INTO `role_menu` VALUES (125, 5, 19);
INSERT INTO `role_menu` VALUES (315, 3, 1);
INSERT INTO `role_menu` VALUES (316, 3, 3);
INSERT INTO `role_menu` VALUES (317, 3, 4);
INSERT INTO `role_menu` VALUES (318, 3, 21);
INSERT INTO `role_menu` VALUES (320, 3, 14);
INSERT INTO `role_menu` VALUES (321, 3, 13);
INSERT INTO `role_menu` VALUES (322, 3, 22);
INSERT INTO `role_menu` VALUES (323, 3, 23);
INSERT INTO `role_menu` VALUES (324, 3, 5);
INSERT INTO `role_menu` VALUES (325, 3, 37);
INSERT INTO `role_menu` VALUES (326, 3, 6);
INSERT INTO `role_menu` VALUES (327, 3, 38);
INSERT INTO `role_menu` VALUES (328, 3, 7);
INSERT INTO `role_menu` VALUES (329, 3, 39);
INSERT INTO `role_menu` VALUES (330, 3, 29);
INSERT INTO `role_menu` VALUES (331, 3, 30);
INSERT INTO `role_menu` VALUES (332, 3, 31);
INSERT INTO `role_menu` VALUES (333, 3, 32);
INSERT INTO `role_menu` VALUES (334, 3, 20);
INSERT INTO `role_menu` VALUES (335, 3, 33);
INSERT INTO `role_menu` VALUES (336, 3, 34);
INSERT INTO `role_menu` VALUES (337, 3, 35);
INSERT INTO `role_menu` VALUES (338, 3, 8);
INSERT INTO `role_menu` VALUES (339, 3, 9);
INSERT INTO `role_menu` VALUES (340, 3, 17);
INSERT INTO `role_menu` VALUES (341, 3, 10);
INSERT INTO `role_menu` VALUES (342, 3, 11);
INSERT INTO `role_menu` VALUES (343, 3, 12);
INSERT INTO `role_menu` VALUES (344, 7, 1);
INSERT INTO `role_menu` VALUES (345, 7, 2);
INSERT INTO `role_menu` VALUES (346, 7, 19);
INSERT INTO `role_menu` VALUES (347, 7, 3);
INSERT INTO `role_menu` VALUES (348, 7, 4);
INSERT INTO `role_menu` VALUES (350, 7, 5);
INSERT INTO `role_menu` VALUES (351, 7, 37);
INSERT INTO `role_menu` VALUES (352, 7, 6);
INSERT INTO `role_menu` VALUES (353, 7, 38);
INSERT INTO `role_menu` VALUES (354, 7, 7);
INSERT INTO `role_menu` VALUES (355, 7, 39);
INSERT INTO `role_menu` VALUES (356, 7, 20);
INSERT INTO `role_menu` VALUES (358, 7, 8);
INSERT INTO `role_menu` VALUES (359, 7, 9);
INSERT INTO `role_menu` VALUES (360, 7, 17);
INSERT INTO `role_menu` VALUES (361, 7, 10);
INSERT INTO `role_menu` VALUES (362, 7, 11);
INSERT INTO `role_menu` VALUES (363, 7, 12);
INSERT INTO `role_menu` VALUES (364, 2, 1);
INSERT INTO `role_menu` VALUES (365, 2, 2);
INSERT INTO `role_menu` VALUES (366, 2, 3);
INSERT INTO `role_menu` VALUES (367, 2, 4);
INSERT INTO `role_menu` VALUES (369, 2, 5);
INSERT INTO `role_menu` VALUES (370, 2, 37);
INSERT INTO `role_menu` VALUES (371, 2, 6);
INSERT INTO `role_menu` VALUES (372, 2, 38);
INSERT INTO `role_menu` VALUES (373, 2, 7);
INSERT INTO `role_menu` VALUES (374, 2, 39);
INSERT INTO `role_menu` VALUES (375, 2, 20);
INSERT INTO `role_menu` VALUES (377, 2, 11);
INSERT INTO `role_menu` VALUES (378, 2, 12);
INSERT INTO `role_menu` VALUES (417, 1, 1);
INSERT INTO `role_menu` VALUES (418, 1, 2);
INSERT INTO `role_menu` VALUES (419, 1, 19);
INSERT INTO `role_menu` VALUES (420, 1, 41);
INSERT INTO `role_menu` VALUES (421, 1, 3);
INSERT INTO `role_menu` VALUES (422, 1, 4);
INSERT INTO `role_menu` VALUES (423, 1, 21);
INSERT INTO `role_menu` VALUES (424, 1, 14);
INSERT INTO `role_menu` VALUES (425, 1, 13);
INSERT INTO `role_menu` VALUES (426, 1, 22);
INSERT INTO `role_menu` VALUES (427, 1, 23);
INSERT INTO `role_menu` VALUES (428, 1, 5);
INSERT INTO `role_menu` VALUES (429, 1, 24);
INSERT INTO `role_menu` VALUES (430, 1, 37);
INSERT INTO `role_menu` VALUES (431, 1, 15);
INSERT INTO `role_menu` VALUES (432, 1, 16);
INSERT INTO `role_menu` VALUES (433, 1, 25);
INSERT INTO `role_menu` VALUES (434, 1, 6);
INSERT INTO `role_menu` VALUES (435, 1, 26);
INSERT INTO `role_menu` VALUES (436, 1, 38);
INSERT INTO `role_menu` VALUES (437, 1, 27);
INSERT INTO `role_menu` VALUES (438, 1, 28);
INSERT INTO `role_menu` VALUES (439, 1, 7);
INSERT INTO `role_menu` VALUES (440, 1, 39);
INSERT INTO `role_menu` VALUES (441, 1, 29);
INSERT INTO `role_menu` VALUES (442, 1, 30);
INSERT INTO `role_menu` VALUES (443, 1, 31);
INSERT INTO `role_menu` VALUES (444, 1, 32);
INSERT INTO `role_menu` VALUES (445, 1, 20);
INSERT INTO `role_menu` VALUES (446, 1, 33);
INSERT INTO `role_menu` VALUES (447, 1, 34);
INSERT INTO `role_menu` VALUES (448, 1, 35);
INSERT INTO `role_menu` VALUES (449, 1, 8);
INSERT INTO `role_menu` VALUES (450, 1, 42);
INSERT INTO `role_menu` VALUES (451, 1, 9);
INSERT INTO `role_menu` VALUES (452, 1, 17);
INSERT INTO `role_menu` VALUES (453, 1, 10);
INSERT INTO `role_menu` VALUES (454, 1, 11);
INSERT INTO `role_menu` VALUES (455, 1, 12);

-- ----------------------------
-- Table structure for sys_dic
-- ----------------------------
DROP TABLE IF EXISTS `sys_dic`;
CREATE TABLE `sys_dic`  (
  `id` bigint(20) NOT NULL AUTO_INCREMENT,
  `dic_type_code` bigint(20) NULL DEFAULT NULL,
  `dic_type_name` varchar(50) CHARACTER SET utf8 COLLATE utf8_general_ci NULL DEFAULT NULL,
  `dic_code` int(11) NULL DEFAULT NULL,
  `dic_name` varchar(50) CHARACTER SET utf8 COLLATE utf8_general_ci NULL DEFAULT NULL,
  `creat_time` datetime(0) NULL DEFAULT NULL,
  `create_user_id` bigint(20) NULL DEFAULT NULL,
  PRIMARY KEY (`id`) USING BTREE,
  INDEX `dic_type_code`(`dic_type_code`, `dic_code`) USING BTREE
) ENGINE = InnoDB AUTO_INCREMENT = 3 CHARACTER SET = utf8 COLLATE = utf8_general_ci ROW_FORMAT = Dynamic;

-- ----------------------------
-- Records of sys_dic
-- ----------------------------
INSERT INTO `sys_dic` VALUES (1, 1, 'basicStatus', 0, '激活', '2020-06-20 16:35:54', 112233);
INSERT INTO `sys_dic` VALUES (2, 1, 'basicStatus', 1, '冻结', '2020-06-20 16:35:58', 112233);
INSERT INTO `sys_dic` VALUES (3, 1, 'basicStatus', 2, '删除', '2020-06-20 16:36:03', 112233);

-- ----------------------------
-- Table structure for sys_menu
-- ----------------------------
DROP TABLE IF EXISTS `sys_menu`;
CREATE TABLE `sys_menu`  (
  `menu_id` bigint(20) NOT NULL AUTO_INCREMENT COMMENT '菜单ID',
  `menu_name` varchar(30) CHARACTER SET utf8 COLLATE utf8_general_ci NULL DEFAULT NULL COMMENT '菜单中文名称',
  `menu_code` varchar(30) CHARACTER SET utf8 COLLATE utf8_general_ci NULL DEFAULT NULL COMMENT '菜单英文编码',
  `parent_id` bigint(20) NULL DEFAULT NULL COMMENT '父级菜单id',
  `menu_url` varchar(50) CHARACTER SET utf8 COLLATE utf8_general_ci NULL DEFAULT NULL COMMENT '路由地址',
  `menu_icon` varchar(50) CHARACTER SET utf8 COLLATE utf8_general_ci NULL DEFAULT NULL COMMENT '菜单图标',
  `menu_sort` int(11) NULL DEFAULT NULL COMMENT '菜单排序',
  `menu_level` int(11) NULL DEFAULT NULL COMMENT '第几级菜单',
  `description` varchar(100) CHARACTER SET utf8 COLLATE utf8_general_ci NULL DEFAULT NULL COMMENT '菜单描述',
  `menu_status` int(11) NULL DEFAULT NULL COMMENT '菜单状态',
  `create_user_id` bigint(20) NULL DEFAULT NULL COMMENT '创建人id',
  `create_time` datetime(0) NULL DEFAULT NULL COMMENT '创建时间',
  `update_user_id` bigint(20) NULL DEFAULT NULL COMMENT '更新人id',
  `update_time` datetime(0) NULL DEFAULT NULL COMMENT '更新时间',
  PRIMARY KEY (`menu_id`) USING BTREE
) ENGINE = InnoDB AUTO_INCREMENT = 43 CHARACTER SET = utf8 COLLATE = utf8_general_ci COMMENT = '系统菜单表' ROW_FORMAT = Dynamic;

-- ----------------------------
-- Records of sys_menu
-- ----------------------------
INSERT INTO `sys_menu` VALUES (1, '顶级菜单', 'top', 0, '/dog', NULL, 0, 0, '顶级菜单项', 0, 1, '2020-06-23 11:07:09', NULL, NULL);
INSERT INTO `sys_menu` VALUES (2, '主控面板', 'main_panel', 1, '/dog/main', 'layui-icon-app', 1, 1, '主控面板模块', 0, 2, '2020-06-24 22:49:28', NULL, NULL);
INSERT INTO `sys_menu` VALUES (3, '权限管理', 'auth', 1, '/dog/auth', 'layui-icon-snowflake', 2, 1, '权限管理模块', 0, 2, '2020-06-25 16:30:31', NULL, NULL);
INSERT INTO `sys_menu` VALUES (4, '用户管理', 'auth_user', 3, '/dog/auth/user', NULL, 1, 2, '用户管理页面', 0, 2, '2020-06-25 16:32:08', 1, '2020-07-06 22:58:54');
INSERT INTO `sys_menu` VALUES (5, '角色管理', 'auth_role', 3, '/dog/auth/role', NULL, 2, 2, '角色管理页面', 0, 2, '2020-06-25 16:33:15', NULL, NULL);
INSERT INTO `sys_menu` VALUES (6, '菜单管理', 'auth_menu', 3, '/dog/auth/menu', NULL, 3, 2, '菜单管理页面', 0, 2, '2020-06-25 16:34:49', 1, '2020-07-19 16:14:47');
INSERT INTO `sys_menu` VALUES (7, '部门管理', 'auth_dept', 3, '/dog/auth/dept', NULL, 4, 2, '部门管理页面', 0, 2, '2020-06-25 16:36:18', NULL, NULL);
INSERT INTO `sys_menu` VALUES (8, '系统配置', 'sys_config', 1, '/dog/sys', 'layui-icon-set-fill', 3, 1, '系统管理模块', 0, 2, '2020-06-25 16:38:42', 1, '2020-07-19 16:15:40');
INSERT INTO `sys_menu` VALUES (9, '字典管理', 'sys_dic', 8, '/dog/sys/dic', NULL, 3, 2, '字典管理页面', 0, 2, '2020-07-11 23:00:49', NULL, NULL);
INSERT INTO `sys_menu` VALUES (10, '字典删除', 'sys_dic_del', 9, '', NULL, 2, 3, '字典删除按钮', 0, 1, '2020-07-11 23:02:54', 1, '2020-07-19 16:04:09');
INSERT INTO `sys_menu` VALUES (11, '组件管理', 'dog_component', 1, '/dog/comp', 'layui-icon-template', 4, 1, '组件信息管理模块', 0, 1, '2020-07-19 11:55:19', 1, '2020-07-19 15:55:40');
INSERT INTO `sys_menu` VALUES (12, 'Redis组件', 'redis_component', 11, 'dog/comp/redis', 'layui-icon-tabs', 1, 2, 'Redis组件介绍页面', 0, 1, '2020-07-19 11:59:54', NULL, NULL);
INSERT INTO `sys_menu` VALUES (13, '删除', 'user_delete', 4, '', '', 2, 3, '用户界面删除按钮', 0, 1, '2020-07-19 12:01:20', 1, '2020-07-26 12:36:38');
INSERT INTO `sys_menu` VALUES (14, '编辑', 'auth_user_update', 4, NULL, NULL, 1, 3, '用户更新按钮', 0, 1, '2020-07-19 12:07:28', 1, '2020-07-26 12:36:27');
INSERT INTO `sys_menu` VALUES (15, '编辑', 'auth_role_update', 5, NULL, NULL, 1, 3, '角色更新按钮', 0, 1, '2020-07-19 12:11:03', 1, '2020-07-26 21:29:46');
INSERT INTO `sys_menu` VALUES (16, '删除', 'auth_role_del', 5, NULL, NULL, 2, 3, '角色删除按钮', 0, 1, '2020-07-19 12:13:52', 1, '2020-07-22 23:05:41');
INSERT INTO `sys_menu` VALUES (17, '字典更新', 'dic_update', 9, NULL, NULL, 1, 3, '字典更新按钮', 0, 1, '2020-07-19 15:19:02', NULL, NULL);
INSERT INTO `sys_menu` VALUES (19, '项目介绍', 'pro_introduction', 2, '/dog/main/pro', 'layui-icon-rate', 1, 2, '项目介绍页面', 0, 1, '2020-07-19 16:17:28', 1, '2020-07-19 16:18:35');
INSERT INTO `sys_menu` VALUES (20, '职位管理', 'position_manager', 3, '/dog/auth/posi', NULL, 5, 2, '职位管理页面', 0, 1, '2020-07-22 22:26:57', NULL, NULL);
INSERT INTO `sys_menu` VALUES (21, '添加', 'user_add_button', 4, NULL, NULL, 1, 3, '用户添加按钮', 0, 1, '2020-07-26 12:37:17', NULL, NULL);
INSERT INTO `sys_menu` VALUES (22, '角色配置', 'user_role_configure', 4, NULL, NULL, 6, 3, '用户界面-角色配置按钮', 0, 1, '2020-07-26 21:24:39', NULL, NULL);
INSERT INTO `sys_menu` VALUES (23, '密码重置', 'user_reset_pwd', 4, NULL, NULL, 7, 3, '用户界面-密码重置按钮', 0, 1, '2020-07-26 21:26:15', NULL, NULL);
INSERT INTO `sys_menu` VALUES (24, '添加', 'role_add_button', 5, NULL, NULL, 1, 3, '角色界面-添加按钮', 0, 1, '2020-07-26 21:32:21', NULL, NULL);
INSERT INTO `sys_menu` VALUES (25, '菜单配置', 'role_menus_configure', 5, NULL, NULL, 100, 3, '角色管理界面-菜单配置按钮', 0, 1, '2020-07-26 21:35:21', NULL, NULL);
INSERT INTO `sys_menu` VALUES (26, '添加', 'menus_add_button', 6, NULL, NULL, 1, 3, '菜单管理页面-添加按钮', 0, 1, '2020-07-26 21:37:24', 1, '2020-07-26 21:54:52');
INSERT INTO `sys_menu` VALUES (27, '编辑', 'menus_update_button', 6, NULL, NULL, 2, 3, '菜单界面-编辑按钮', 0, 1, '2020-07-26 21:45:45', 1, '2020-07-26 21:55:44');
INSERT INTO `sys_menu` VALUES (28, '删除', 'menus_del_button', 6, NULL, NULL, 3, 3, '菜单管理页面-删除按钮', 0, 1, '2020-07-26 21:47:03', 1, '2020-07-26 21:55:55');
INSERT INTO `sys_menu` VALUES (29, '添加', 'dept_add_button', 7, NULL, NULL, 1, 3, '部门管理页面-添加按钮', 0, 1, '2020-07-26 21:50:43', 1, '2020-07-26 21:54:24');
INSERT INTO `sys_menu` VALUES (30, '编辑', 'dept_update_button', 7, NULL, NULL, 2, 3, '部门管理页面-编辑按钮', 0, 1, '2020-07-26 21:54:11', NULL, NULL);
INSERT INTO `sys_menu` VALUES (31, '删除', 'dept_del_button', 7, NULL, NULL, 3, 3, '部门管理页面-删除按钮', 0, 1, '2020-07-26 21:56:39', NULL, NULL);
INSERT INTO `sys_menu` VALUES (32, '指定负责人', 'dept_boss_button', 7, NULL, NULL, 5, 3, '部门管理页面-指定负责人按钮', 0, 1, '2020-07-26 21:58:42', NULL, NULL);
INSERT INTO `sys_menu` VALUES (33, '添加', 'position_add_button', 20, NULL, NULL, 1, 3, '职位管理页面-添加按钮', 0, 1, '2020-07-26 22:00:30', NULL, NULL);
INSERT INTO `sys_menu` VALUES (34, '编辑', 'position_update_button', 20, NULL, NULL, 2, 3, '职位管理页面-编辑按钮', 0, 1, '2020-07-26 22:01:14', NULL, NULL);
INSERT INTO `sys_menu` VALUES (35, '删除', 'position_del_button', 20, NULL, NULL, 3, 3, '职位管理页面-删除按钮', 0, 1, '2020-07-26 22:01:50', 1, '2020-08-01 10:02:48');
INSERT INTO `sys_menu` VALUES (36, '用户查询', 'user_query', 4, NULL, NULL, 1, 3, '用户界面查询', 2, 1, '2020-08-01 09:27:04', NULL, NULL);
INSERT INTO `sys_menu` VALUES (37, '角色查询', 'roles_query', 5, NULL, NULL, 1, 3, '角色界面查询权限', 0, 1, '2020-08-01 09:27:47', NULL, NULL);
INSERT INTO `sys_menu` VALUES (38, '菜单查询', 'menus_query', 6, NULL, NULL, 1, 3, '菜单界面查询', 0, 1, '2020-08-01 09:28:44', NULL, NULL);
INSERT INTO `sys_menu` VALUES (39, '部门查询', 'dept_query', 7, NULL, NULL, NULL, 3, '部门界面查询', 0, 1, '2020-08-01 09:29:58', NULL, NULL);
INSERT INTO `sys_menu` VALUES (40, '职位查询', 'position_query', 20, NULL, NULL, NULL, 3, '职位界面查询', 2, 1, '2020-08-01 09:30:31', NULL, NULL);
INSERT INTO `sys_menu` VALUES (41, '系统监控', 'sys_monitor', 2, '/dog/main/monitor', NULL, 2, 2, '系统监控页面', 0, 1, '2020-08-26 22:08:06', 1, '2020-09-10 22:25:00');
INSERT INTO `sys_menu` VALUES (42, '接口文档', 'interface_doc', 8, '/dog/sys/in_doc', NULL, 1, 2, '展示后端接口文档', 0, 1, '2020-09-10 22:39:58', NULL, NULL);

-- ----------------------------
-- Table structure for sys_monitor_0
-- ----------------------------
DROP TABLE IF EXISTS `sys_monitor_0`;
CREATE TABLE `sys_monitor_0`  (
  `id` bigint(20) NOT NULL AUTO_INCREMENT,
  `server_id` varchar(50) CHARACTER SET utf8 COLLATE utf8_general_ci NULL DEFAULT NULL COMMENT '服务ID,服务识别码',
  `sys_base_info` varchar(255) CHARACTER SET utf8 COLLATE utf8_general_ci NULL DEFAULT NULL COMMENT '服务基本信息',
  `white_cpu_info` varchar(255) CHARACTER SET utf8 COLLATE utf8_general_ci NULL DEFAULT NULL COMMENT 'cpu信息',
  `mem_info` varchar(255) CHARACTER SET utf8 COLLATE utf8_general_ci NULL DEFAULT NULL COMMENT '内存信息',
  `jvm_info` varchar(255) CHARACTER SET utf8 COLLATE utf8_general_ci NULL DEFAULT NULL COMMENT 'jvm内存信息',
  `file_infos` varchar(1024) CHARACTER SET utf8 COLLATE utf8_general_ci NULL DEFAULT NULL COMMENT '文件系统信息',
  `net_info` varchar(255) CHARACTER SET utf8 COLLATE utf8_general_ci NULL DEFAULT NULL COMMENT '网络系统信息',
  `net_speed` varchar(255) CHARACTER SET utf8 COLLATE utf8_general_ci NULL DEFAULT NULL COMMENT '网络传输信息',
  `time_stamp` varchar(100) CHARACTER SET utf8 COLLATE utf8_general_ci NULL DEFAULT NULL COMMENT '记录时间',
  PRIMARY KEY (`id`) USING BTREE,
  INDEX `server_id`(`server_id`) USING BTREE
) ENGINE = InnoDB AUTO_INCREMENT = 45 CHARACTER SET = utf8 COLLATE = utf8_general_ci ROW_FORMAT = Dynamic;

-- ----------------------------
-- Records of sys_monitor_0
-- ----------------------------
INSERT INTO `sys_monitor_0` VALUES (1, '0001', '{\"arch\":\"amd64\",\"cpuTemperature\":\"51.0\",\"fanSpeed\":0,\"serverId\":\"0001\",\"startTime\":\"2020-08-08 22:08:54\",\"timeStamp\":1596895842247,\"vendor\":\"Microsoft\",\"version\":\"Windows 10 (Home) build 18362\",\"workTime\":\"1分钟 48秒\"}', '{\"idle\":5157,\"model\":\"Intel64 Family 6 Model 142 Stepping 9\",\"name\":\"Intel(R) Core(TM) i7-7500U CPU @ 2.70GHz\",\"sysUse\":1592,\"timeStamp\":1596895843566,\"totalCores\":4,\"userUse\":3125,\"vendor\":\"GenuineIntel\",\"wait\":0}', '{\"freeMem\":7295221760,\"timeStamp\":1596895843619,\"totalMem\":17023184896,\"usedMem\":9727963136,\"usedPercent\":5714}', '{\"jdkPath\":\"D:\\\\software\\\\jdk\\\\jre\",\"jvmFree\":203678608,\"jvmMax\":3784310784,\"jvmTotal\":491257856,\"jvmUsed\":287579248,\"jvmUsedPercent\":5853,\"jvmVersion\":\"1.8.0_191\",\"timeStamp\":1596895843620}', '[{\"description\":\"Fixed drive\",\"fileFree\":195644428288,\"fileTotal\":318941163520,\"fileUsed\":123296735232,\"fsType\":\"NTFS\",\"mount\":\"C:\\\\\",\"name\":\"本地固定磁盘 (C:)\",\"timeStamp\":1596895843813},{\"description\":\"Fixed drive\",\"fileFree\":92664324096,\"fileTotal\":98377396224,\"fileUsed\":5713072128,\"fsType\":\"NTFS\",\"mount\":\"E:\\\\\",\"name\":\"本地固定磁盘 (E:)\",\"timeStamp\":1596895843813},{\"description\":\"Fixed drive\",\"fileFree\":84022132736,\"fileTotal\":93450137600,\"fileUsed\":9428004864,\"fsType\":\"NTFS\",\"mount\":\"D:\\\\\",\"name\":\"本地固定磁盘 (D:)\",\"timeStamp\":1596895843813}]', '{\"errorBytes\":0,\"hostname\":\"LAPTOP-1Q8B7JN9\",\"ip\":\"192.168.3.14\",\"macAddr\":\"3a:c5:2e:8e:68:85\",\"primaryDns\":\"192.168.3.1\",\"recBytes\":8761965,\"sentBytes\":1053971,\"timeStamp\":1596895845494}', '{\"errorSpeed\":0,\"receiveSpeed\":0,\"sendSpeed\":0,\"timeStamp\":1596895845495}', '2020-08-08 22:10:45');
INSERT INTO `sys_monitor_0` VALUES (2, '0001', '{\"arch\":\"amd64\",\"cpuTemperature\":\"53.0\",\"fanSpeed\":0,\"serverId\":\"0001\",\"startTime\":\"2020-08-08 22:08:54\",\"timeStamp\":1596895851243,\"vendor\":\"Microsoft\",\"version\":\"Windows 10 (Home) build 18362\",\"workTime\":\"1分钟 57秒\"}', '{\"idle\":4344,\"model\":\"Intel64 Family 6 Model 142 Stepping 9\",\"name\":\"Intel(R) Core(TM) i7-7500U CPU @ 2.70GHz\",\"sysUse\":2115,\"timeStamp\":1596895851244,\"totalCores\":4,\"userUse\":3404,\"vendor\":\"GenuineIntel\",\"wait\":0}', '{\"freeMem\":7262605312,\"timeStamp\":1596895851259,\"totalMem\":17023184896,\"usedMem\":9760579584,\"usedPercent\":5733}', '{\"jdkPath\":\"D:\\\\software\\\\jdk\\\\jre\",\"jvmFree\":480495440,\"jvmMax\":3784310784,\"jvmTotal\":558891008,\"jvmUsed\":78395568,\"jvmUsedPercent\":1402,\"jvmVersion\":\"1.8.0_191\",\"timeStamp\":1596895851259}', '[{\"description\":\"Fixed drive\",\"fileFree\":195644424192,\"fileTotal\":318941163520,\"fileUsed\":123296739328,\"fsType\":\"NTFS\",\"mount\":\"C:\\\\\",\"name\":\"本地固定磁盘 (C:)\",\"timeStamp\":1596895851369},{\"description\":\"Fixed drive\",\"fileFree\":92664324096,\"fileTotal\":98377396224,\"fileUsed\":5713072128,\"fsType\":\"NTFS\",\"mount\":\"E:\\\\\",\"name\":\"本地固定磁盘 (E:)\",\"timeStamp\":1596895851369},{\"description\":\"Fixed drive\",\"fileFree\":84022132736,\"fileTotal\":93450137600,\"fileUsed\":9428004864,\"fsType\":\"NTFS\",\"mount\":\"D:\\\\\",\"name\":\"本地固定磁盘 (D:)\",\"timeStamp\":1596895851369}]', '{\"errorBytes\":0,\"hostname\":\"LAPTOP-1Q8B7JN9\",\"ip\":\"192.168.3.14\",\"macAddr\":\"3a:c5:2e:8e:68:85\",\"primaryDns\":\"192.168.3.1\",\"recBytes\":8763225,\"sentBytes\":1054800,\"timeStamp\":1596895853655}', '{\"errorSpeed\":0,\"receiveSpeed\":1260,\"sendSpeed\":829,\"timeStamp\":1596895853655}', '2020-08-08 22:10:53');
INSERT INTO `sys_monitor_0` VALUES (3, '0001', '{\"arch\":\"amd64\",\"cpuTemperature\":\"53.0\",\"fanSpeed\":0,\"serverId\":\"0001\",\"startTime\":\"2020-08-08 22:08:54\",\"timeStamp\":1596895861253,\"vendor\":\"Microsoft\",\"version\":\"Windows 10 (Home) build 18362\",\"workTime\":\"2分钟 7秒\"}', '{\"idle\":3830,\"model\":\"Intel64 Family 6 Model 142 Stepping 9\",\"name\":\"Intel(R) Core(TM) i7-7500U CPU @ 2.70GHz\",\"sysUse\":2164,\"timeStamp\":1596895861255,\"totalCores\":4,\"userUse\":3919,\"vendor\":\"GenuineIntel\",\"wait\":0}', '{\"freeMem\":7225102336,\"timeStamp\":1596895861282,\"totalMem\":17023184896,\"usedMem\":9798082560,\"usedPercent\":5755}', '{\"jdkPath\":\"D:\\\\software\\\\jdk\\\\jre\",\"jvmFree\":476998184,\"jvmMax\":3784310784,\"jvmTotal\":558891008,\"jvmUsed\":81892824,\"jvmUsedPercent\":1465,\"jvmVersion\":\"1.8.0_191\",\"timeStamp\":1596895861282}', '[{\"description\":\"Fixed drive\",\"fileFree\":195643703296,\"fileTotal\":318941163520,\"fileUsed\":123297460224,\"fsType\":\"NTFS\",\"mount\":\"C:\\\\\",\"name\":\"本地固定磁盘 (C:)\",\"timeStamp\":1596895861363},{\"description\":\"Fixed drive\",\"fileFree\":92664320000,\"fileTotal\":98377396224,\"fileUsed\":5713076224,\"fsType\":\"NTFS\",\"mount\":\"E:\\\\\",\"name\":\"本地固定磁盘 (E:)\",\"timeStamp\":1596895861363},{\"description\":\"Fixed drive\",\"fileFree\":84022132736,\"fileTotal\":93450137600,\"fileUsed\":9428004864,\"fsType\":\"NTFS\",\"mount\":\"D:\\\\\",\"name\":\"本地固定磁盘 (D:)\",\"timeStamp\":1596895861363}]', '{\"errorBytes\":0,\"hostname\":\"LAPTOP-1Q8B7JN9\",\"ip\":\"192.168.3.14\",\"macAddr\":\"3a:c5:2e:8e:68:85\",\"primaryDns\":\"192.168.3.1\",\"recBytes\":8765324,\"sentBytes\":1056168,\"timeStamp\":1596895863481}', '{\"errorSpeed\":0,\"receiveSpeed\":2099,\"sendSpeed\":1368,\"timeStamp\":1596895863482}', '2020-08-08 22:11:03');
INSERT INTO `sys_monitor_0` VALUES (4, '0001', '{\"arch\":\"amd64\",\"cpuTemperature\":\"55.0\",\"fanSpeed\":0,\"serverId\":\"0001\",\"startTime\":\"2020-08-08 22:08:54\",\"timeStamp\":1596895871243,\"vendor\":\"Microsoft\",\"version\":\"Windows 10 (Home) build 18362\",\"workTime\":\"2分钟 17秒\"}', '{\"idle\":2675,\"model\":\"Intel64 Family 6 Model 142 Stepping 9\",\"name\":\"Intel(R) Core(TM) i7-7500U CPU @ 2.70GHz\",\"sysUse\":2210,\"timeStamp\":1596895871245,\"totalCores\":4,\"userUse\":5054,\"vendor\":\"GenuineIntel\",\"wait\":0}', '{\"freeMem\":7333228544,\"timeStamp\":1596895871254,\"totalMem\":17023184896,\"usedMem\":9689956352,\"usedPercent\":5692}', '{\"jdkPath\":\"D:\\\\software\\\\jdk\\\\jre\",\"jvmFree\":471628168,\"jvmMax\":3784310784,\"jvmTotal\":558891008,\"jvmUsed\":87262840,\"jvmUsedPercent\":1561,\"jvmVersion\":\"1.8.0_191\",\"timeStamp\":1596895871254}', '[{\"description\":\"Fixed drive\",\"fileFree\":195643621376,\"fileTotal\":318941163520,\"fileUsed\":123297542144,\"fsType\":\"NTFS\",\"mount\":\"C:\\\\\",\"name\":\"本地固定磁盘 (C:)\",\"timeStamp\":1596895871369},{\"description\":\"Fixed drive\",\"fileFree\":92664320000,\"fileTotal\":98377396224,\"fileUsed\":5713076224,\"fsType\":\"NTFS\",\"mount\":\"E:\\\\\",\"name\":\"本地固定磁盘 (E:)\",\"timeStamp\":1596895871369},{\"description\":\"Fixed drive\",\"fileFree\":84022132736,\"fileTotal\":93450137600,\"fileUsed\":9428004864,\"fsType\":\"NTFS\",\"mount\":\"D:\\\\\",\"name\":\"本地固定磁盘 (D:)\",\"timeStamp\":1596895871369}]', '{\"errorBytes\":0,\"hostname\":\"LAPTOP-1Q8B7JN9\",\"ip\":\"192.168.3.14\",\"macAddr\":\"3a:c5:2e:8e:68:85\",\"primaryDns\":\"192.168.3.1\",\"recBytes\":8772492,\"sentBytes\":1058652,\"timeStamp\":1596895873097}', '{\"errorSpeed\":0,\"receiveSpeed\":7168,\"sendSpeed\":2484,\"timeStamp\":1596895873097}', '2020-08-08 22:11:13');
INSERT INTO `sys_monitor_0` VALUES (5, '0001', '{\"arch\":\"amd64\",\"cpuTemperature\":\"56.0\",\"fanSpeed\":0,\"serverId\":\"0001\",\"startTime\":\"2020-08-08 22:08:54\",\"timeStamp\":1596895881230,\"vendor\":\"Microsoft\",\"version\":\"Windows 10 (Home) build 18362\",\"workTime\":\"2分钟 27秒\"}', '{\"idle\":2879,\"model\":\"Intel64 Family 6 Model 142 Stepping 9\",\"name\":\"Intel(R) Core(TM) i7-7500U CPU @ 2.70GHz\",\"sysUse\":2586,\"timeStamp\":1596895881231,\"totalCores\":4,\"userUse\":4397,\"vendor\":\"GenuineIntel\",\"wait\":0}', '{\"freeMem\":7218003968,\"timeStamp\":1596895881242,\"totalMem\":17023184896,\"usedMem\":9805180928,\"usedPercent\":5759}', '{\"jdkPath\":\"D:\\\\software\\\\jdk\\\\jre\",\"jvmFree\":469995016,\"jvmMax\":3784310784,\"jvmTotal\":558891008,\"jvmUsed\":88895992,\"jvmUsedPercent\":1590,\"jvmVersion\":\"1.8.0_191\",\"timeStamp\":1596895881242}', '[{\"description\":\"Fixed drive\",\"fileFree\":195643645952,\"fileTotal\":318941163520,\"fileUsed\":123297517568,\"fsType\":\"NTFS\",\"mount\":\"C:\\\\\",\"name\":\"本地固定磁盘 (C:)\",\"timeStamp\":1596895881317},{\"description\":\"Fixed drive\",\"fileFree\":92664311808,\"fileTotal\":98377396224,\"fileUsed\":5713084416,\"fsType\":\"NTFS\",\"mount\":\"E:\\\\\",\"name\":\"本地固定磁盘 (E:)\",\"timeStamp\":1596895881317},{\"description\":\"Fixed drive\",\"fileFree\":84022132736,\"fileTotal\":93450137600,\"fileUsed\":9428004864,\"fsType\":\"NTFS\",\"mount\":\"D:\\\\\",\"name\":\"本地固定磁盘 (D:)\",\"timeStamp\":1596895881317}]', '{\"errorBytes\":0,\"hostname\":\"LAPTOP-1Q8B7JN9\",\"ip\":\"192.168.3.14\",\"macAddr\":\"3a:c5:2e:8e:68:85\",\"primaryDns\":\"192.168.3.1\",\"recBytes\":8779251,\"sentBytes\":1069092,\"timeStamp\":1596895883134}', '{\"errorSpeed\":0,\"receiveSpeed\":6759,\"sendSpeed\":10440,\"timeStamp\":1596895883134}', '2020-08-08 22:11:23');
INSERT INTO `sys_monitor_0` VALUES (6, '0001', '{\"arch\":\"amd64\",\"cpuTemperature\":\"52.0\",\"fanSpeed\":0,\"serverId\":\"0001\",\"startTime\":\"2020-08-08 22:08:54\",\"timeStamp\":1596895891251,\"vendor\":\"Microsoft\",\"version\":\"Windows 10 (Home) build 18362\",\"workTime\":\"2分钟 37秒\"}', '{\"idle\":4961,\"model\":\"Intel64 Family 6 Model 142 Stepping 9\",\"name\":\"Intel(R) Core(TM) i7-7500U CPU @ 2.70GHz\",\"sysUse\":2415,\"timeStamp\":1596895891255,\"totalCores\":4,\"userUse\":2484,\"vendor\":\"GenuineIntel\",\"wait\":0}', '{\"freeMem\":7223554048,\"timeStamp\":1596895891276,\"totalMem\":17023184896,\"usedMem\":9799630848,\"usedPercent\":5756}', '{\"jdkPath\":\"D:\\\\software\\\\jdk\\\\jre\",\"jvmFree\":468906248,\"jvmMax\":3784310784,\"jvmTotal\":558891008,\"jvmUsed\":89984760,\"jvmUsedPercent\":1610,\"jvmVersion\":\"1.8.0_191\",\"timeStamp\":1596895891276}', '[{\"description\":\"Fixed drive\",\"fileFree\":195643383808,\"fileTotal\":318941163520,\"fileUsed\":123297779712,\"fsType\":\"NTFS\",\"mount\":\"C:\\\\\",\"name\":\"本地固定磁盘 (C:)\",\"timeStamp\":1596895891437},{\"description\":\"Fixed drive\",\"fileFree\":92664311808,\"fileTotal\":98377396224,\"fileUsed\":5713084416,\"fsType\":\"NTFS\",\"mount\":\"E:\\\\\",\"name\":\"本地固定磁盘 (E:)\",\"timeStamp\":1596895891437},{\"description\":\"Fixed drive\",\"fileFree\":84022132736,\"fileTotal\":93450137600,\"fileUsed\":9428004864,\"fsType\":\"NTFS\",\"mount\":\"D:\\\\\",\"name\":\"本地固定磁盘 (D:)\",\"timeStamp\":1596895891437}]', '{\"errorBytes\":0,\"hostname\":\"LAPTOP-1Q8B7JN9\",\"ip\":\"192.168.3.14\",\"macAddr\":\"3a:c5:2e:8e:68:85\",\"primaryDns\":\"192.168.3.1\",\"recBytes\":8783706,\"sentBytes\":1079328,\"timeStamp\":1596895893689}', '{\"errorSpeed\":0,\"receiveSpeed\":4455,\"sendSpeed\":10236,\"timeStamp\":1596895893689}', '2020-08-08 22:11:33');
INSERT INTO `sys_monitor_0` VALUES (7, '0001', '{\"arch\":\"amd64\",\"cpuTemperature\":\"52.0\",\"fanSpeed\":0,\"serverId\":\"0001\",\"startTime\":\"2020-08-08 22:08:54\",\"timeStamp\":1596895901355,\"vendor\":\"Microsoft\",\"version\":\"Windows 10 (Home) build 18362\",\"workTime\":\"2分钟 47秒\"}', '{\"idle\":4349,\"model\":\"Intel64 Family 6 Model 142 Stepping 9\",\"name\":\"Intel(R) Core(TM) i7-7500U CPU @ 2.70GHz\",\"sysUse\":2718,\"timeStamp\":1596895901355,\"totalCores\":4,\"userUse\":2801,\"vendor\":\"GenuineIntel\",\"wait\":0}', '{\"freeMem\":7240204288,\"timeStamp\":1596895901367,\"totalMem\":17023184896,\"usedMem\":9782980608,\"usedPercent\":5746}', '{\"jdkPath\":\"D:\\\\software\\\\jdk\\\\jre\",\"jvmFree\":466322272,\"jvmMax\":3784310784,\"jvmTotal\":558891008,\"jvmUsed\":92568736,\"jvmUsedPercent\":1656,\"jvmVersion\":\"1.8.0_191\",\"timeStamp\":1596895901367}', '[{\"description\":\"Fixed drive\",\"fileFree\":195647373312,\"fileTotal\":318941163520,\"fileUsed\":123293790208,\"fsType\":\"NTFS\",\"mount\":\"C:\\\\\",\"name\":\"本地固定磁盘 (C:)\",\"timeStamp\":1596895901478},{\"description\":\"Fixed drive\",\"fileFree\":92664311808,\"fileTotal\":98377396224,\"fileUsed\":5713084416,\"fsType\":\"NTFS\",\"mount\":\"E:\\\\\",\"name\":\"本地固定磁盘 (E:)\",\"timeStamp\":1596895901478},{\"description\":\"Fixed drive\",\"fileFree\":84022132736,\"fileTotal\":93450137600,\"fileUsed\":9428004864,\"fsType\":\"NTFS\",\"mount\":\"D:\\\\\",\"name\":\"本地固定磁盘 (D:)\",\"timeStamp\":1596895901478}]', '{\"errorBytes\":0,\"hostname\":\"LAPTOP-1Q8B7JN9\",\"ip\":\"192.168.3.14\",\"macAddr\":\"3a:c5:2e:8e:68:85\",\"primaryDns\":\"192.168.3.1\",\"recBytes\":8785296,\"sentBytes\":1080752,\"timeStamp\":1596895903806}', '{\"errorSpeed\":0,\"receiveSpeed\":1590,\"sendSpeed\":1424,\"timeStamp\":1596895903806}', '2020-08-08 22:11:43');
INSERT INTO `sys_monitor_0` VALUES (8, '0001', '{\"arch\":\"amd64\",\"cpuTemperature\":\"51.0\",\"fanSpeed\":0,\"serverId\":\"0001\",\"startTime\":\"2020-08-08 22:08:54\",\"timeStamp\":1596895911260,\"vendor\":\"Microsoft\",\"version\":\"Windows 10 (Home) build 18362\",\"workTime\":\"2分钟 57秒\"}', '{\"idle\":6336,\"model\":\"Intel64 Family 6 Model 142 Stepping 9\",\"name\":\"Intel(R) Core(TM) i7-7500U CPU @ 2.70GHz\",\"sysUse\":1555,\"timeStamp\":1596895911261,\"totalCores\":4,\"userUse\":2046,\"vendor\":\"GenuineIntel\",\"wait\":0}', '{\"freeMem\":7230214144,\"timeStamp\":1596895911277,\"totalMem\":17023184896,\"usedMem\":9792970752,\"usedPercent\":5752}', '{\"jdkPath\":\"D:\\\\software\\\\jdk\\\\jre\",\"jvmFree\":464580248,\"jvmMax\":3784310784,\"jvmTotal\":558891008,\"jvmUsed\":94310760,\"jvmUsedPercent\":1687,\"jvmVersion\":\"1.8.0_191\",\"timeStamp\":1596895911277}', '[{\"description\":\"Fixed drive\",\"fileFree\":195647373312,\"fileTotal\":318941163520,\"fileUsed\":123293790208,\"fsType\":\"NTFS\",\"mount\":\"C:\\\\\",\"name\":\"本地固定磁盘 (C:)\",\"timeStamp\":1596895911415},{\"description\":\"Fixed drive\",\"fileFree\":92664311808,\"fileTotal\":98377396224,\"fileUsed\":5713084416,\"fsType\":\"NTFS\",\"mount\":\"E:\\\\\",\"name\":\"本地固定磁盘 (E:)\",\"timeStamp\":1596895911415},{\"description\":\"Fixed drive\",\"fileFree\":84022132736,\"fileTotal\":93450137600,\"fileUsed\":9428004864,\"fsType\":\"NTFS\",\"mount\":\"D:\\\\\",\"name\":\"本地固定磁盘 (D:)\",\"timeStamp\":1596895911415}]', '{\"errorBytes\":0,\"hostname\":\"LAPTOP-1Q8B7JN9\",\"ip\":\"192.168.3.14\",\"macAddr\":\"3a:c5:2e:8e:68:85\",\"primaryDns\":\"192.168.3.1\",\"recBytes\":8786550,\"sentBytes\":1081853,\"timeStamp\":1596895913317}', '{\"errorSpeed\":0,\"receiveSpeed\":1254,\"sendSpeed\":1101,\"timeStamp\":1596895913317}', '2020-08-08 22:11:53');
INSERT INTO `sys_monitor_0` VALUES (9, '0001', '{\"arch\":\"amd64\",\"cpuTemperature\":\"51.0\",\"fanSpeed\":0,\"serverId\":\"0001\",\"startTime\":\"2020-08-08 22:08:54\",\"timeStamp\":1596895921231,\"vendor\":\"Microsoft\",\"version\":\"Windows 10 (Home) build 18362\",\"workTime\":\"3分钟 7秒\"}', '{\"idle\":4114,\"model\":\"Intel64 Family 6 Model 142 Stepping 9\",\"name\":\"Intel(R) Core(TM) i7-7500U CPU @ 2.70GHz\",\"sysUse\":2249,\"timeStamp\":1596895921232,\"totalCores\":4,\"userUse\":3483,\"vendor\":\"GenuineIntel\",\"wait\":0}', '{\"freeMem\":7227310080,\"timeStamp\":1596895921247,\"totalMem\":17023184896,\"usedMem\":9795874816,\"usedPercent\":5754}', '{\"jdkPath\":\"D:\\\\software\\\\jdk\\\\jre\",\"jvmFree\":462493800,\"jvmMax\":3784310784,\"jvmTotal\":558891008,\"jvmUsed\":96397208,\"jvmUsedPercent\":1724,\"jvmVersion\":\"1.8.0_191\",\"timeStamp\":1596895921247}', '[{\"description\":\"Fixed drive\",\"fileFree\":195647307776,\"fileTotal\":318941163520,\"fileUsed\":123293855744,\"fsType\":\"NTFS\",\"mount\":\"C:\\\\\",\"name\":\"本地固定磁盘 (C:)\",\"timeStamp\":1596895921314},{\"description\":\"Fixed drive\",\"fileFree\":92664311808,\"fileTotal\":98377396224,\"fileUsed\":5713084416,\"fsType\":\"NTFS\",\"mount\":\"E:\\\\\",\"name\":\"本地固定磁盘 (E:)\",\"timeStamp\":1596895921314},{\"description\":\"Fixed drive\",\"fileFree\":84022132736,\"fileTotal\":93450137600,\"fileUsed\":9428004864,\"fsType\":\"NTFS\",\"mount\":\"D:\\\\\",\"name\":\"本地固定磁盘 (D:)\",\"timeStamp\":1596895921314}]', '{\"errorBytes\":0,\"hostname\":\"LAPTOP-1Q8B7JN9\",\"ip\":\"192.168.3.14\",\"macAddr\":\"3a:c5:2e:8e:68:85\",\"primaryDns\":\"192.168.3.1\",\"recBytes\":8795446,\"sentBytes\":1085687,\"timeStamp\":1596895923340}', '{\"errorSpeed\":0,\"receiveSpeed\":8896,\"sendSpeed\":3834,\"timeStamp\":1596895923340}', '2020-08-08 22:12:03');
INSERT INTO `sys_monitor_0` VALUES (10, '0001', '{\"arch\":\"amd64\",\"cpuTemperature\":\"50.0\",\"fanSpeed\":0,\"serverId\":\"0001\",\"startTime\":\"2020-08-08 22:08:54\",\"timeStamp\":1596895931220,\"vendor\":\"Microsoft\",\"version\":\"Windows 10 (Home) build 18362\",\"workTime\":\"3分钟 17秒\"}', '{\"idle\":4261,\"model\":\"Intel64 Family 6 Model 142 Stepping 9\",\"name\":\"Intel(R) Core(TM) i7-7500U CPU @ 2.70GHz\",\"sysUse\":2304,\"timeStamp\":1596895931221,\"totalCores\":4,\"userUse\":3304,\"vendor\":\"GenuineIntel\",\"wait\":0}', '{\"freeMem\":7235043328,\"timeStamp\":1596895931230,\"totalMem\":17023184896,\"usedMem\":9788141568,\"usedPercent\":5749}', '{\"jdkPath\":\"D:\\\\software\\\\jdk\\\\jre\",\"jvmFree\":460316264,\"jvmMax\":3784310784,\"jvmTotal\":558891008,\"jvmUsed\":98574744,\"jvmUsedPercent\":1763,\"jvmVersion\":\"1.8.0_191\",\"timeStamp\":1596895931230}', '[{\"description\":\"Fixed drive\",\"fileFree\":195647303680,\"fileTotal\":318941163520,\"fileUsed\":123293859840,\"fsType\":\"NTFS\",\"mount\":\"C:\\\\\",\"name\":\"本地固定磁盘 (C:)\",\"timeStamp\":1596895931274},{\"description\":\"Fixed drive\",\"fileFree\":92664295424,\"fileTotal\":98377396224,\"fileUsed\":5713100800,\"fsType\":\"NTFS\",\"mount\":\"E:\\\\\",\"name\":\"本地固定磁盘 (E:)\",\"timeStamp\":1596895931274},{\"description\":\"Fixed drive\",\"fileFree\":84022132736,\"fileTotal\":93450137600,\"fileUsed\":9428004864,\"fsType\":\"NTFS\",\"mount\":\"D:\\\\\",\"name\":\"本地固定磁盘 (D:)\",\"timeStamp\":1596895931274}]', '{\"errorBytes\":0,\"hostname\":\"LAPTOP-1Q8B7JN9\",\"ip\":\"192.168.3.14\",\"macAddr\":\"3a:c5:2e:8e:68:85\",\"primaryDns\":\"192.168.3.1\",\"recBytes\":8797075,\"sentBytes\":1091593,\"timeStamp\":1596895933764}', '{\"errorSpeed\":0,\"receiveSpeed\":1629,\"sendSpeed\":5906,\"timeStamp\":1596895933764}', '2020-08-08 22:12:13');
INSERT INTO `sys_monitor_0` VALUES (11, '0001', '{\"arch\":\"amd64\",\"cpuTemperature\":\"54.0\",\"fanSpeed\":0,\"serverId\":\"0001\",\"startTime\":\"2020-08-08 22:08:54\",\"timeStamp\":1596895941247,\"vendor\":\"Microsoft\",\"version\":\"Windows 10 (Home) build 18362\",\"workTime\":\"3分钟 27秒\"}', '{\"idle\":2870,\"model\":\"Intel64 Family 6 Model 142 Stepping 9\",\"name\":\"Intel(R) Core(TM) i7-7500U CPU @ 2.70GHz\",\"sysUse\":1493,\"timeStamp\":1596895941248,\"totalCores\":4,\"userUse\":5584,\"vendor\":\"GenuineIntel\",\"wait\":0}', '{\"freeMem\":7234154496,\"timeStamp\":1596895941265,\"totalMem\":17023184896,\"usedMem\":9789030400,\"usedPercent\":5750}', '{\"jdkPath\":\"D:\\\\software\\\\jdk\\\\jre\",\"jvmFree\":458983624,\"jvmMax\":3784310784,\"jvmTotal\":558891008,\"jvmUsed\":99907384,\"jvmUsedPercent\":1787,\"jvmVersion\":\"1.8.0_191\",\"timeStamp\":1596895941265}', '[{\"description\":\"Fixed drive\",\"fileFree\":195647287296,\"fileTotal\":318941163520,\"fileUsed\":123293876224,\"fsType\":\"NTFS\",\"mount\":\"C:\\\\\",\"name\":\"本地固定磁盘 (C:)\",\"timeStamp\":1596895941358},{\"description\":\"Fixed drive\",\"fileFree\":92664295424,\"fileTotal\":98377396224,\"fileUsed\":5713100800,\"fsType\":\"NTFS\",\"mount\":\"E:\\\\\",\"name\":\"本地固定磁盘 (E:)\",\"timeStamp\":1596895941358},{\"description\":\"Fixed drive\",\"fileFree\":84022132736,\"fileTotal\":93450137600,\"fileUsed\":9428004864,\"fsType\":\"NTFS\",\"mount\":\"D:\\\\\",\"name\":\"本地固定磁盘 (D:)\",\"timeStamp\":1596895941358}]', '{\"errorBytes\":0,\"hostname\":\"LAPTOP-1Q8B7JN9\",\"ip\":\"192.168.3.14\",\"macAddr\":\"3a:c5:2e:8e:68:85\",\"primaryDns\":\"192.168.3.1\",\"recBytes\":8798651,\"sentBytes\":1093563,\"timeStamp\":1596895943789}', '{\"errorSpeed\":0,\"receiveSpeed\":1576,\"sendSpeed\":1970,\"timeStamp\":1596895943789}', '2020-08-08 22:12:23');
INSERT INTO `sys_monitor_0` VALUES (12, '0001', '{\"arch\":\"amd64\",\"cpuTemperature\":\"53.0\",\"fanSpeed\":0,\"serverId\":\"0001\",\"startTime\":\"2020-08-08 22:08:54\",\"timeStamp\":1596895951330,\"vendor\":\"Microsoft\",\"version\":\"Windows 10 (Home) build 18362\",\"workTime\":\"3分钟 37秒\"}', '{\"idle\":2782,\"model\":\"Intel64 Family 6 Model 142 Stepping 9\",\"name\":\"Intel(R) Core(TM) i7-7500U CPU @ 2.70GHz\",\"sysUse\":1551,\"timeStamp\":1596895951330,\"totalCores\":4,\"userUse\":5600,\"vendor\":\"GenuineIntel\",\"wait\":0}', '{\"freeMem\":7231680512,\"timeStamp\":1596895951343,\"totalMem\":17023184896,\"usedMem\":9791504384,\"usedPercent\":5751}', '{\"jdkPath\":\"D:\\\\software\\\\jdk\\\\jre\",\"jvmFree\":457350472,\"jvmMax\":3784310784,\"jvmTotal\":558891008,\"jvmUsed\":101540536,\"jvmUsedPercent\":1816,\"jvmVersion\":\"1.8.0_191\",\"timeStamp\":1596895951343}', '[{\"description\":\"Fixed drive\",\"fileFree\":195647082496,\"fileTotal\":318941163520,\"fileUsed\":123294081024,\"fsType\":\"NTFS\",\"mount\":\"C:\\\\\",\"name\":\"本地固定磁盘 (C:)\",\"timeStamp\":1596895951434},{\"description\":\"Fixed drive\",\"fileFree\":92664295424,\"fileTotal\":98377396224,\"fileUsed\":5713100800,\"fsType\":\"NTFS\",\"mount\":\"E:\\\\\",\"name\":\"本地固定磁盘 (E:)\",\"timeStamp\":1596895951434},{\"description\":\"Fixed drive\",\"fileFree\":84022132736,\"fileTotal\":93450137600,\"fileUsed\":9428004864,\"fsType\":\"NTFS\",\"mount\":\"D:\\\\\",\"name\":\"本地固定磁盘 (D:)\",\"timeStamp\":1596895951434}]', '{\"errorBytes\":0,\"hostname\":\"LAPTOP-1Q8B7JN9\",\"ip\":\"192.168.3.14\",\"macAddr\":\"3a:c5:2e:8e:68:85\",\"primaryDns\":\"192.168.3.1\",\"recBytes\":8800317,\"sentBytes\":1096489,\"timeStamp\":1596895953880}', '{\"errorSpeed\":0,\"receiveSpeed\":1666,\"sendSpeed\":2926,\"timeStamp\":1596895953880}', '2020-08-08 22:12:33');
INSERT INTO `sys_monitor_0` VALUES (13, '0001', '{\"arch\":\"amd64\",\"cpuTemperature\":\"51.0\",\"fanSpeed\":0,\"serverId\":\"0001\",\"startTime\":\"2020-08-08 22:08:54\",\"timeStamp\":1596895961307,\"vendor\":\"Microsoft\",\"version\":\"Windows 10 (Home) build 18362\",\"workTime\":\"3分钟 47秒\"}', '{\"idle\":4529,\"model\":\"Intel64 Family 6 Model 142 Stepping 9\",\"name\":\"Intel(R) Core(TM) i7-7500U CPU @ 2.70GHz\",\"sysUse\":1751,\"timeStamp\":1596895961310,\"totalCores\":4,\"userUse\":3632,\"vendor\":\"GenuineIntel\",\"wait\":0}', '{\"freeMem\":7233183744,\"timeStamp\":1596895961355,\"totalMem\":17023184896,\"usedMem\":9790001152,\"usedPercent\":5750}', '{\"jdkPath\":\"D:\\\\software\\\\jdk\\\\jre\",\"jvmFree\":456261704,\"jvmMax\":3784310784,\"jvmTotal\":558891008,\"jvmUsed\":102629304,\"jvmUsedPercent\":1836,\"jvmVersion\":\"1.8.0_191\",\"timeStamp\":1596895961355}', '[{\"description\":\"Fixed drive\",\"fileFree\":195647082496,\"fileTotal\":318941163520,\"fileUsed\":123294081024,\"fsType\":\"NTFS\",\"mount\":\"C:\\\\\",\"name\":\"本地固定磁盘 (C:)\",\"timeStamp\":1596895961420},{\"description\":\"Fixed drive\",\"fileFree\":92664295424,\"fileTotal\":98377396224,\"fileUsed\":5713100800,\"fsType\":\"NTFS\",\"mount\":\"E:\\\\\",\"name\":\"本地固定磁盘 (E:)\",\"timeStamp\":1596895961420},{\"description\":\"Fixed drive\",\"fileFree\":84022132736,\"fileTotal\":93450137600,\"fileUsed\":9428004864,\"fsType\":\"NTFS\",\"mount\":\"D:\\\\\",\"name\":\"本地固定磁盘 (D:)\",\"timeStamp\":1596895961420}]', '{\"errorBytes\":0,\"hostname\":\"LAPTOP-1Q8B7JN9\",\"ip\":\"192.168.3.14\",\"macAddr\":\"3a:c5:2e:8e:68:85\",\"primaryDns\":\"192.168.3.1\",\"recBytes\":8801448,\"sentBytes\":1097602,\"timeStamp\":1596895963306}', '{\"errorSpeed\":0,\"receiveSpeed\":1131,\"sendSpeed\":1113,\"timeStamp\":1596895963306}', '2020-08-08 22:12:43');
INSERT INTO `sys_monitor_0` VALUES (14, '0001', '{\"arch\":\"amd64\",\"cpuTemperature\":\"52.0\",\"fanSpeed\":0,\"serverId\":\"0001\",\"startTime\":\"2020-08-08 22:08:54\",\"timeStamp\":1596895971262,\"vendor\":\"Microsoft\",\"version\":\"Windows 10 (Home) build 18362\",\"workTime\":\"3分钟 57秒\"}', '{\"idle\":3826,\"model\":\"Intel64 Family 6 Model 142 Stepping 9\",\"name\":\"Intel(R) Core(TM) i7-7500U CPU @ 2.70GHz\",\"sysUse\":2773,\"timeStamp\":1596895971264,\"totalCores\":4,\"userUse\":3265,\"vendor\":\"GenuineIntel\",\"wait\":0}', '{\"freeMem\":7339573248,\"timeStamp\":1596895971295,\"totalMem\":17023184896,\"usedMem\":9683611648,\"usedPercent\":5688}', '{\"jdkPath\":\"D:\\\\software\\\\jdk\\\\jre\",\"jvmFree\":454901976,\"jvmMax\":3784310784,\"jvmTotal\":558891008,\"jvmUsed\":103989032,\"jvmUsedPercent\":1860,\"jvmVersion\":\"1.8.0_191\",\"timeStamp\":1596895971295}', '[{\"description\":\"Fixed drive\",\"fileFree\":195647078400,\"fileTotal\":318941163520,\"fileUsed\":123294085120,\"fsType\":\"NTFS\",\"mount\":\"C:\\\\\",\"name\":\"本地固定磁盘 (C:)\",\"timeStamp\":1596895971449},{\"description\":\"Fixed drive\",\"fileFree\":92664295424,\"fileTotal\":98377396224,\"fileUsed\":5713100800,\"fsType\":\"NTFS\",\"mount\":\"E:\\\\\",\"name\":\"本地固定磁盘 (E:)\",\"timeStamp\":1596895971449},{\"description\":\"Fixed drive\",\"fileFree\":84022132736,\"fileTotal\":93450137600,\"fileUsed\":9428004864,\"fsType\":\"NTFS\",\"mount\":\"D:\\\\\",\"name\":\"本地固定磁盘 (D:)\",\"timeStamp\":1596895971449}]', '{\"errorBytes\":0,\"hostname\":\"LAPTOP-1Q8B7JN9\",\"ip\":\"192.168.3.14\",\"macAddr\":\"3a:c5:2e:8e:68:85\",\"primaryDns\":\"192.168.3.1\",\"recBytes\":8811692,\"sentBytes\":1106392,\"timeStamp\":1596895973197}', '{\"errorSpeed\":0,\"receiveSpeed\":10244,\"sendSpeed\":8790,\"timeStamp\":1596895973197}', '2020-08-08 22:12:53');
INSERT INTO `sys_monitor_0` VALUES (15, '0001', '{\"arch\":\"amd64\",\"cpuTemperature\":\"50.0\",\"fanSpeed\":0,\"serverId\":\"0001\",\"startTime\":\"2020-08-08 22:08:54\",\"timeStamp\":1596895981230,\"vendor\":\"Microsoft\",\"version\":\"Windows 10 (Home) build 18362\",\"workTime\":\"4分钟 7秒\"}', '{\"idle\":4639,\"model\":\"Intel64 Family 6 Model 142 Stepping 9\",\"name\":\"Intel(R) Core(TM) i7-7500U CPU @ 2.70GHz\",\"sysUse\":2115,\"timeStamp\":1596895981232,\"totalCores\":4,\"userUse\":3142,\"vendor\":\"GenuineIntel\",\"wait\":0}', '{\"freeMem\":7344099328,\"timeStamp\":1596895981244,\"totalMem\":17023184896,\"usedMem\":9679085568,\"usedPercent\":5685}', '{\"jdkPath\":\"D:\\\\software\\\\jdk\\\\jre\",\"jvmFree\":453813208,\"jvmMax\":3784310784,\"jvmTotal\":558891008,\"jvmUsed\":105077800,\"jvmUsedPercent\":1880,\"jvmVersion\":\"1.8.0_191\",\"timeStamp\":1596895981244}', '[{\"description\":\"Fixed drive\",\"fileFree\":195649056768,\"fileTotal\":318941163520,\"fileUsed\":123292106752,\"fsType\":\"NTFS\",\"mount\":\"C:\\\\\",\"name\":\"本地固定磁盘 (C:)\",\"timeStamp\":1596895981345},{\"description\":\"Fixed drive\",\"fileFree\":92664295424,\"fileTotal\":98377396224,\"fileUsed\":5713100800,\"fsType\":\"NTFS\",\"mount\":\"E:\\\\\",\"name\":\"本地固定磁盘 (E:)\",\"timeStamp\":1596895981345},{\"description\":\"Fixed drive\",\"fileFree\":84022067200,\"fileTotal\":93450137600,\"fileUsed\":9428070400,\"fsType\":\"NTFS\",\"mount\":\"D:\\\\\",\"name\":\"本地固定磁盘 (D:)\",\"timeStamp\":1596895981345}]', '{\"errorBytes\":0,\"hostname\":\"LAPTOP-1Q8B7JN9\",\"ip\":\"192.168.3.14\",\"macAddr\":\"3a:c5:2e:8e:68:85\",\"primaryDns\":\"192.168.3.1\",\"recBytes\":8817020,\"sentBytes\":1115552,\"timeStamp\":1596895983746}', '{\"errorSpeed\":0,\"receiveSpeed\":5328,\"sendSpeed\":9160,\"timeStamp\":1596895983746}', '2020-08-08 22:13:03');
INSERT INTO `sys_monitor_0` VALUES (16, '0001', '{\"arch\":\"amd64\",\"cpuTemperature\":\"50.0\",\"fanSpeed\":0,\"serverId\":\"0001\",\"startTime\":\"2020-08-08 22:08:54\",\"timeStamp\":1596895991303,\"vendor\":\"Microsoft\",\"version\":\"Windows 10 (Home) build 18362\",\"workTime\":\"4分钟 17秒\"}', '{\"idle\":4476,\"model\":\"Intel64 Family 6 Model 142 Stepping 9\",\"name\":\"Intel(R) Core(TM) i7-7500U CPU @ 2.70GHz\",\"sysUse\":2187,\"timeStamp\":1596895991304,\"totalCores\":4,\"userUse\":3213,\"vendor\":\"GenuineIntel\",\"wait\":0}', '{\"freeMem\":7346688000,\"timeStamp\":1596895991313,\"totalMem\":17023184896,\"usedMem\":9676496896,\"usedPercent\":5684}', '{\"jdkPath\":\"D:\\\\software\\\\jdk\\\\jre\",\"jvmFree\":452271176,\"jvmMax\":3784310784,\"jvmTotal\":558891008,\"jvmUsed\":106619832,\"jvmUsedPercent\":1907,\"jvmVersion\":\"1.8.0_191\",\"timeStamp\":1596895991313}', '[{\"description\":\"Fixed drive\",\"fileFree\":195649056768,\"fileTotal\":318941163520,\"fileUsed\":123292106752,\"fsType\":\"NTFS\",\"mount\":\"C:\\\\\",\"name\":\"本地固定磁盘 (C:)\",\"timeStamp\":1596895991439},{\"description\":\"Fixed drive\",\"fileFree\":92664295424,\"fileTotal\":98377396224,\"fileUsed\":5713100800,\"fsType\":\"NTFS\",\"mount\":\"E:\\\\\",\"name\":\"本地固定磁盘 (E:)\",\"timeStamp\":1596895991439},{\"description\":\"Fixed drive\",\"fileFree\":84022067200,\"fileTotal\":93450137600,\"fileUsed\":9428070400,\"fsType\":\"NTFS\",\"mount\":\"D:\\\\\",\"name\":\"本地固定磁盘 (D:)\",\"timeStamp\":1596895991439}]', '{\"errorBytes\":0,\"hostname\":\"LAPTOP-1Q8B7JN9\",\"ip\":\"192.168.3.14\",\"macAddr\":\"3a:c5:2e:8e:68:85\",\"primaryDns\":\"192.168.3.1\",\"recBytes\":8818259,\"sentBytes\":1116612,\"timeStamp\":1596895994613}', '{\"errorSpeed\":0,\"receiveSpeed\":1239,\"sendSpeed\":1060,\"timeStamp\":1596895994613}', '2020-08-08 22:13:14');
INSERT INTO `sys_monitor_0` VALUES (17, '0001', '{\"arch\":\"amd64\",\"cpuTemperature\":\"50.0\",\"fanSpeed\":0,\"serverId\":\"0001\",\"startTime\":\"2020-08-08 22:08:54\",\"timeStamp\":1596896001234,\"vendor\":\"Microsoft\",\"version\":\"Windows 10 (Home) build 18362\",\"workTime\":\"4分钟 27秒\"}', '{\"idle\":5424,\"model\":\"Intel64 Family 6 Model 142 Stepping 9\",\"name\":\"Intel(R) Core(TM) i7-7500U CPU @ 2.70GHz\",\"sysUse\":1529,\"timeStamp\":1596896001235,\"totalCores\":4,\"userUse\":2995,\"vendor\":\"GenuineIntel\",\"wait\":0}', '{\"freeMem\":7334756352,\"timeStamp\":1596896001246,\"totalMem\":17023184896,\"usedMem\":9688428544,\"usedPercent\":5691}', '{\"jdkPath\":\"D:\\\\software\\\\jdk\\\\jre\",\"jvmFree\":449984768,\"jvmMax\":3784310784,\"jvmTotal\":558891008,\"jvmUsed\":108906240,\"jvmUsedPercent\":1948,\"jvmVersion\":\"1.8.0_191\",\"timeStamp\":1596896001246}', '[{\"description\":\"Fixed drive\",\"fileFree\":195649056768,\"fileTotal\":318941163520,\"fileUsed\":123292106752,\"fsType\":\"NTFS\",\"mount\":\"C:\\\\\",\"name\":\"本地固定磁盘 (C:)\",\"timeStamp\":1596896001349},{\"description\":\"Fixed drive\",\"fileFree\":92664295424,\"fileTotal\":98377396224,\"fileUsed\":5713100800,\"fsType\":\"NTFS\",\"mount\":\"E:\\\\\",\"name\":\"本地固定磁盘 (E:)\",\"timeStamp\":1596896001349},{\"description\":\"Fixed drive\",\"fileFree\":84022063104,\"fileTotal\":93450137600,\"fileUsed\":9428074496,\"fsType\":\"NTFS\",\"mount\":\"D:\\\\\",\"name\":\"本地固定磁盘 (D:)\",\"timeStamp\":1596896001349}]', '{\"errorBytes\":0,\"hostname\":\"LAPTOP-1Q8B7JN9\",\"ip\":\"192.168.3.14\",\"macAddr\":\"3a:c5:2e:8e:68:85\",\"primaryDns\":\"192.168.3.1\",\"recBytes\":8819623,\"sentBytes\":1117766,\"timeStamp\":1596896002812}', '{\"errorSpeed\":0,\"receiveSpeed\":1364,\"sendSpeed\":1154,\"timeStamp\":1596896002812}', '2020-08-08 22:13:22');
INSERT INTO `sys_monitor_0` VALUES (18, '0001', '{\"arch\":\"amd64\",\"cpuTemperature\":\"50.0\",\"fanSpeed\":0,\"serverId\":\"0001\",\"startTime\":\"2020-08-08 22:08:54\",\"timeStamp\":1596896011254,\"vendor\":\"Microsoft\",\"version\":\"Windows 10 (Home) build 18362\",\"workTime\":\"4分钟 37秒\"}', '{\"idle\":5897,\"model\":\"Intel64 Family 6 Model 142 Stepping 9\",\"name\":\"Intel(R) Core(TM) i7-7500U CPU @ 2.70GHz\",\"sysUse\":1438,\"timeStamp\":1596896011256,\"totalCores\":4,\"userUse\":2597,\"vendor\":\"GenuineIntel\",\"wait\":0}', '{\"freeMem\":7333019648,\"timeStamp\":1596896011272,\"totalMem\":17023184896,\"usedMem\":9690165248,\"usedPercent\":5692}', '{\"jdkPath\":\"D:\\\\software\\\\jdk\\\\jre\",\"jvmFree\":447985808,\"jvmMax\":3784310784,\"jvmTotal\":558891008,\"jvmUsed\":110905200,\"jvmUsedPercent\":1984,\"jvmVersion\":\"1.8.0_191\",\"timeStamp\":1596896011272}', '[{\"description\":\"Fixed drive\",\"fileFree\":195648925696,\"fileTotal\":318941163520,\"fileUsed\":123292237824,\"fsType\":\"NTFS\",\"mount\":\"C:\\\\\",\"name\":\"本地固定磁盘 (C:)\",\"timeStamp\":1596896011418},{\"description\":\"Fixed drive\",\"fileFree\":92664295424,\"fileTotal\":98377396224,\"fileUsed\":5713100800,\"fsType\":\"NTFS\",\"mount\":\"E:\\\\\",\"name\":\"本地固定磁盘 (E:)\",\"timeStamp\":1596896011418},{\"description\":\"Fixed drive\",\"fileFree\":84022063104,\"fileTotal\":93450137600,\"fileUsed\":9428074496,\"fsType\":\"NTFS\",\"mount\":\"D:\\\\\",\"name\":\"本地固定磁盘 (D:)\",\"timeStamp\":1596896011418}]', '{\"errorBytes\":0,\"hostname\":\"LAPTOP-1Q8B7JN9\",\"ip\":\"192.168.3.14\",\"macAddr\":\"3a:c5:2e:8e:68:85\",\"primaryDns\":\"192.168.3.1\",\"recBytes\":8821254,\"sentBytes\":1120047,\"timeStamp\":1596896013706}', '{\"errorSpeed\":0,\"receiveSpeed\":1631,\"sendSpeed\":2281,\"timeStamp\":1596896013706}', '2020-08-08 22:13:33');
INSERT INTO `sys_monitor_0` VALUES (19, '0001', '{\"arch\":\"amd64\",\"cpuTemperature\":\"53.0\",\"fanSpeed\":0,\"serverId\":\"0001\",\"startTime\":\"2020-08-08 22:08:54\",\"timeStamp\":1596896021227,\"vendor\":\"Microsoft\",\"version\":\"Windows 10 (Home) build 18362\",\"workTime\":\"4分钟 47秒\"}', '{\"idle\":2931,\"model\":\"Intel64 Family 6 Model 142 Stepping 9\",\"name\":\"Intel(R) Core(TM) i7-7500U CPU @ 2.70GHz\",\"sysUse\":2527,\"timeStamp\":1596896021227,\"totalCores\":4,\"userUse\":4459,\"vendor\":\"GenuineIntel\",\"wait\":0}', '{\"freeMem\":7330852864,\"timeStamp\":1596896021237,\"totalMem\":17023184896,\"usedMem\":9692332032,\"usedPercent\":5693}', '{\"jdkPath\":\"D:\\\\software\\\\jdk\\\\jre\",\"jvmFree\":445263888,\"jvmMax\":3784310784,\"jvmTotal\":558891008,\"jvmUsed\":113627120,\"jvmUsedPercent\":2033,\"jvmVersion\":\"1.8.0_191\",\"timeStamp\":1596896021237}', '[{\"description\":\"Fixed drive\",\"fileFree\":195648798720,\"fileTotal\":318941163520,\"fileUsed\":123292364800,\"fsType\":\"NTFS\",\"mount\":\"C:\\\\\",\"name\":\"本地固定磁盘 (C:)\",\"timeStamp\":1596896021339},{\"description\":\"Fixed drive\",\"fileFree\":92664246272,\"fileTotal\":98377396224,\"fileUsed\":5713149952,\"fsType\":\"NTFS\",\"mount\":\"E:\\\\\",\"name\":\"本地固定磁盘 (E:)\",\"timeStamp\":1596896021339},{\"description\":\"Fixed drive\",\"fileFree\":84022054912,\"fileTotal\":93450137600,\"fileUsed\":9428082688,\"fsType\":\"NTFS\",\"mount\":\"D:\\\\\",\"name\":\"本地固定磁盘 (D:)\",\"timeStamp\":1596896021339}]', '{\"errorBytes\":0,\"hostname\":\"LAPTOP-1Q8B7JN9\",\"ip\":\"192.168.3.14\",\"macAddr\":\"3a:c5:2e:8e:68:85\",\"primaryDns\":\"192.168.3.1\",\"recBytes\":8822454,\"sentBytes\":1121095,\"timeStamp\":1596896024038}', '{\"errorSpeed\":0,\"receiveSpeed\":1200,\"sendSpeed\":1048,\"timeStamp\":1596896024038}', '2020-08-08 22:13:44');
INSERT INTO `sys_monitor_0` VALUES (20, '0001', '{\"arch\":\"amd64\",\"cpuTemperature\":\"57.0\",\"fanSpeed\":0,\"serverId\":\"0001\",\"startTime\":\"2020-08-09 15:08:13\",\"timeStamp\":1596956979329,\"vendor\":\"Microsoft\",\"version\":\"Windows 10 (Home) build 18362\",\"workTime\":\"1分钟 25秒\"}', '{\"idle\":8385,\"model\":\"Intel64 Family 6 Model 142 Stepping 9\",\"name\":\"Intel(R) Core(TM) i7-7500U CPU @ 2.70GHz\",\"sysUse\":224,\"timeStamp\":1596956980445,\"totalCores\":4,\"userUse\":1383,\"vendor\":\"GenuineIntel\",\"wait\":0}', '{\"freeMem\":7797075968,\"timeStamp\":1596956980468,\"totalMem\":17023184896,\"usedMem\":9226108928,\"usedPercent\":5419}', '{\"jdkPath\":\"D:\\\\software\\\\jdk\\\\jre\",\"jvmFree\":130024712,\"jvmMax\":3784310784,\"jvmTotal\":481820672,\"jvmUsed\":351795960,\"jvmUsedPercent\":7301,\"jvmVersion\":\"1.8.0_191\",\"timeStamp\":1596956980471}', '[{\"description\":\"Fixed drive\",\"fileFree\":195979083776,\"fileTotal\":318941163520,\"fileUsed\":122962079744,\"fsType\":\"NTFS\",\"mount\":\"C:\\\\\",\"name\":\"本地固定磁盘 (C:)\",\"timeStamp\":1596956980553},{\"description\":\"Fixed drive\",\"fileFree\":92664291328,\"fileTotal\":98377396224,\"fileUsed\":5713104896,\"fsType\":\"NTFS\",\"mount\":\"E:\\\\\",\"name\":\"本地固定磁盘 (E:)\",\"timeStamp\":1596956980553},{\"description\":\"Fixed drive\",\"fileFree\":84020633600,\"fileTotal\":93450137600,\"fileUsed\":9429504000,\"fsType\":\"NTFS\",\"mount\":\"D:\\\\\",\"name\":\"本地固定磁盘 (D:)\",\"timeStamp\":1596956980553}]', '{\"errorBytes\":0,\"hostname\":\"LAPTOP-1Q8B7JN9\",\"ip\":\"192.168.2.244\",\"macAddr\":\"7a:d9:25:da:37:3e\",\"primaryDns\":\"192.168.2.1\",\"recBytes\":172151216,\"sentBytes\":17519634,\"timeStamp\":1596956981222}', '{\"errorSpeed\":0,\"receiveSpeed\":0,\"sendSpeed\":0,\"timeStamp\":1596956981222}', '2020-08-09 15:09:41');
INSERT INTO `sys_monitor_0` VALUES (21, '0001', '{\"arch\":\"amd64\",\"cpuTemperature\":\"61.0\",\"fanSpeed\":0,\"serverId\":\"0001\",\"startTime\":\"2020-08-09 15:08:13\",\"timeStamp\":1596956989002,\"vendor\":\"Microsoft\",\"version\":\"Windows 10 (Home) build 18362\",\"workTime\":\"1分钟 35秒\"}', '{\"idle\":8823,\"model\":\"Intel64 Family 6 Model 142 Stepping 9\",\"name\":\"Intel(R) Core(TM) i7-7500U CPU @ 2.70GHz\",\"sysUse\":362,\"timeStamp\":1596956989004,\"totalCores\":4,\"userUse\":811,\"vendor\":\"GenuineIntel\",\"wait\":0}', '{\"freeMem\":7770812416,\"timeStamp\":1596956989013,\"totalMem\":17023184896,\"usedMem\":9252372480,\"usedPercent\":5435}', '{\"jdkPath\":\"D:\\\\software\\\\jdk\\\\jre\",\"jvmFree\":439572488,\"jvmMax\":3784310784,\"jvmTotal\":536870912,\"jvmUsed\":97298424,\"jvmUsedPercent\":1812,\"jvmVersion\":\"1.8.0_191\",\"timeStamp\":1596956989013}', '[{\"description\":\"Fixed drive\",\"fileFree\":195979083776,\"fileTotal\":318941163520,\"fileUsed\":122962079744,\"fsType\":\"NTFS\",\"mount\":\"C:\\\\\",\"name\":\"本地固定磁盘 (C:)\",\"timeStamp\":1596956989049},{\"description\":\"Fixed drive\",\"fileFree\":92664287232,\"fileTotal\":98377396224,\"fileUsed\":5713108992,\"fsType\":\"NTFS\",\"mount\":\"E:\\\\\",\"name\":\"本地固定磁盘 (E:)\",\"timeStamp\":1596956989049},{\"description\":\"Fixed drive\",\"fileFree\":84020510720,\"fileTotal\":93450137600,\"fileUsed\":9429626880,\"fsType\":\"NTFS\",\"mount\":\"D:\\\\\",\"name\":\"本地固定磁盘 (D:)\",\"timeStamp\":1596956989049}]', '{\"errorBytes\":0,\"hostname\":\"LAPTOP-1Q8B7JN9\",\"ip\":\"192.168.2.244\",\"macAddr\":\"7a:d9:25:da:37:3e\",\"primaryDns\":\"192.168.2.1\",\"recBytes\":172168660,\"sentBytes\":17522364,\"timeStamp\":1596956989697}', '{\"errorSpeed\":0,\"receiveSpeed\":17444,\"sendSpeed\":2730,\"timeStamp\":1596956989697}', '2020-08-09 15:09:49');
INSERT INTO `sys_monitor_0` VALUES (22, '0001', '{\"arch\":\"amd64\",\"cpuTemperature\":\"59.0\",\"fanSpeed\":0,\"serverId\":\"0001\",\"startTime\":\"2020-08-09 15:08:13\",\"timeStamp\":1596956999000,\"vendor\":\"Microsoft\",\"version\":\"Windows 10 (Home) build 18362\",\"workTime\":\"1分钟 45秒\"}', '{\"idle\":8325,\"model\":\"Intel64 Family 6 Model 142 Stepping 9\",\"name\":\"Intel(R) Core(TM) i7-7500U CPU @ 2.70GHz\",\"sysUse\":401,\"timeStamp\":1596956999001,\"totalCores\":4,\"userUse\":1263,\"vendor\":\"GenuineIntel\",\"wait\":0}', '{\"freeMem\":7768666112,\"timeStamp\":1596956999009,\"totalMem\":17023184896,\"usedMem\":9254518784,\"usedPercent\":5436}', '{\"jdkPath\":\"D:\\\\software\\\\jdk\\\\jre\",\"jvmFree\":435024056,\"jvmMax\":3784310784,\"jvmTotal\":536870912,\"jvmUsed\":101846856,\"jvmUsedPercent\":1897,\"jvmVersion\":\"1.8.0_191\",\"timeStamp\":1596956999009}', '[{\"description\":\"Fixed drive\",\"fileFree\":195979083776,\"fileTotal\":318941163520,\"fileUsed\":122962079744,\"fsType\":\"NTFS\",\"mount\":\"C:\\\\\",\"name\":\"本地固定磁盘 (C:)\",\"timeStamp\":1596956999100},{\"description\":\"Fixed drive\",\"fileFree\":92664287232,\"fileTotal\":98377396224,\"fileUsed\":5713108992,\"fsType\":\"NTFS\",\"mount\":\"E:\\\\\",\"name\":\"本地固定磁盘 (E:)\",\"timeStamp\":1596956999100},{\"description\":\"Fixed drive\",\"fileFree\":84020510720,\"fileTotal\":93450137600,\"fileUsed\":9429626880,\"fsType\":\"NTFS\",\"mount\":\"D:\\\\\",\"name\":\"本地固定磁盘 (D:)\",\"timeStamp\":1596956999100}]', '{\"errorBytes\":0,\"hostname\":\"LAPTOP-1Q8B7JN9\",\"ip\":\"192.168.2.244\",\"macAddr\":\"7a:d9:25:da:37:3e\",\"primaryDns\":\"192.168.2.1\",\"recBytes\":172169964,\"sentBytes\":17524096,\"timeStamp\":1596957001138}', '{\"errorSpeed\":0,\"receiveSpeed\":1304,\"sendSpeed\":1732,\"timeStamp\":1596957001138}', '2020-08-09 15:10:01');
INSERT INTO `sys_monitor_0` VALUES (23, '0001', '{\"arch\":\"amd64\",\"cpuTemperature\":\"70.0\",\"fanSpeed\":0,\"serverId\":\"0001\",\"startTime\":\"2020-08-09 15:08:13\",\"timeStamp\":1596957008981,\"vendor\":\"Microsoft\",\"version\":\"Windows 10 (Home) build 18362\",\"workTime\":\"1分钟 55秒\"}', '{\"idle\":5082,\"model\":\"Intel64 Family 6 Model 142 Stepping 9\",\"name\":\"Intel(R) Core(TM) i7-7500U CPU @ 2.70GHz\",\"sysUse\":965,\"timeStamp\":1596957008982,\"totalCores\":4,\"userUse\":3939,\"vendor\":\"GenuineIntel\",\"wait\":0}', '{\"freeMem\":7839428608,\"timeStamp\":1596957008987,\"totalMem\":17023184896,\"usedMem\":9183756288,\"usedPercent\":5394}', '{\"jdkPath\":\"D:\\\\software\\\\jdk\\\\jre\",\"jvmFree\":434082864,\"jvmMax\":3784310784,\"jvmTotal\":536870912,\"jvmUsed\":102788048,\"jvmUsedPercent\":1914,\"jvmVersion\":\"1.8.0_191\",\"timeStamp\":1596957008987}', '[{\"description\":\"Fixed drive\",\"fileFree\":195978498048,\"fileTotal\":318941163520,\"fileUsed\":122962665472,\"fsType\":\"NTFS\",\"mount\":\"C:\\\\\",\"name\":\"本地固定磁盘 (C:)\",\"timeStamp\":1596957009024},{\"description\":\"Fixed drive\",\"fileFree\":92664274944,\"fileTotal\":98377396224,\"fileUsed\":5713121280,\"fsType\":\"NTFS\",\"mount\":\"E:\\\\\",\"name\":\"本地固定磁盘 (E:)\",\"timeStamp\":1596957009024},{\"description\":\"Fixed drive\",\"fileFree\":84020510720,\"fileTotal\":93450137600,\"fileUsed\":9429626880,\"fsType\":\"NTFS\",\"mount\":\"D:\\\\\",\"name\":\"本地固定磁盘 (D:)\",\"timeStamp\":1596957009024}]', '{\"errorBytes\":0,\"hostname\":\"LAPTOP-1Q8B7JN9\",\"ip\":\"192.168.2.244\",\"macAddr\":\"7a:d9:25:da:37:3e\",\"primaryDns\":\"192.168.2.1\",\"recBytes\":172170849,\"sentBytes\":17525315,\"timeStamp\":1596957010964}', '{\"errorSpeed\":0,\"receiveSpeed\":885,\"sendSpeed\":1219,\"timeStamp\":1596957010964}', '2020-08-09 15:10:10');
INSERT INTO `sys_monitor_0` VALUES (24, '0001', '{\"arch\":\"amd64\",\"cpuTemperature\":\"68.0\",\"fanSpeed\":0,\"serverId\":\"0001\",\"startTime\":\"2020-08-09 15:08:13\",\"timeStamp\":1596957018988,\"vendor\":\"Microsoft\",\"version\":\"Windows 10 (Home) build 18362\",\"workTime\":\"2分钟 5秒\"}', '{\"idle\":6329,\"model\":\"Intel64 Family 6 Model 142 Stepping 9\",\"name\":\"Intel(R) Core(TM) i7-7500U CPU @ 2.70GHz\",\"sysUse\":906,\"timeStamp\":1596957018988,\"totalCores\":4,\"userUse\":2753,\"vendor\":\"GenuineIntel\",\"wait\":0}', '{\"freeMem\":7750918144,\"timeStamp\":1596957018995,\"totalMem\":17023184896,\"usedMem\":9272266752,\"usedPercent\":5446}', '{\"jdkPath\":\"D:\\\\software\\\\jdk\\\\jre\",\"jvmFree\":432739288,\"jvmMax\":3784310784,\"jvmTotal\":536870912,\"jvmUsed\":104131624,\"jvmUsedPercent\":1939,\"jvmVersion\":\"1.8.0_191\",\"timeStamp\":1596957018995}', '[{\"description\":\"Fixed drive\",\"fileFree\":195978301440,\"fileTotal\":318941163520,\"fileUsed\":122962862080,\"fsType\":\"NTFS\",\"mount\":\"C:\\\\\",\"name\":\"本地固定磁盘 (C:)\",\"timeStamp\":1596957019020},{\"description\":\"Fixed drive\",\"fileFree\":92664274944,\"fileTotal\":98377396224,\"fileUsed\":5713121280,\"fsType\":\"NTFS\",\"mount\":\"E:\\\\\",\"name\":\"本地固定磁盘 (E:)\",\"timeStamp\":1596957019020},{\"description\":\"Fixed drive\",\"fileFree\":84020510720,\"fileTotal\":93450137600,\"fileUsed\":9429626880,\"fsType\":\"NTFS\",\"mount\":\"D:\\\\\",\"name\":\"本地固定磁盘 (D:)\",\"timeStamp\":1596957019020}]', '{\"errorBytes\":0,\"hostname\":\"LAPTOP-1Q8B7JN9\",\"ip\":\"192.168.2.244\",\"macAddr\":\"7a:d9:25:da:37:3e\",\"primaryDns\":\"192.168.2.1\",\"recBytes\":172187452,\"sentBytes\":17527686,\"timeStamp\":1596957019682}', '{\"errorSpeed\":0,\"receiveSpeed\":16603,\"sendSpeed\":2371,\"timeStamp\":1596957019682}', '2020-08-09 15:10:19');
INSERT INTO `sys_monitor_0` VALUES (25, '0001', '{\"arch\":\"amd64\",\"cpuTemperature\":\"63.0\",\"fanSpeed\":0,\"serverId\":\"0001\",\"startTime\":\"2020-08-09 15:08:13\",\"timeStamp\":1596957028980,\"vendor\":\"Microsoft\",\"version\":\"Windows 10 (Home) build 18362\",\"workTime\":\"2分钟 15秒\"}', '{\"idle\":8020,\"model\":\"Intel64 Family 6 Model 142 Stepping 9\",\"name\":\"Intel(R) Core(TM) i7-7500U CPU @ 2.70GHz\",\"sysUse\":836,\"timeStamp\":1596957028981,\"totalCores\":4,\"userUse\":1122,\"vendor\":\"GenuineIntel\",\"wait\":0}', '{\"freeMem\":7738351616,\"timeStamp\":1596957028985,\"totalMem\":17023184896,\"usedMem\":9284833280,\"usedPercent\":5454}', '{\"jdkPath\":\"D:\\\\software\\\\jdk\\\\jre\",\"jvmFree\":431397112,\"jvmMax\":3784310784,\"jvmTotal\":536870912,\"jvmUsed\":105473800,\"jvmUsedPercent\":1964,\"jvmVersion\":\"1.8.0_191\",\"timeStamp\":1596957028985}', '[{\"description\":\"Fixed drive\",\"fileFree\":195978293248,\"fileTotal\":318941163520,\"fileUsed\":122962870272,\"fsType\":\"NTFS\",\"mount\":\"C:\\\\\",\"name\":\"本地固定磁盘 (C:)\",\"timeStamp\":1596957029015},{\"description\":\"Fixed drive\",\"fileFree\":92664274944,\"fileTotal\":98377396224,\"fileUsed\":5713121280,\"fsType\":\"NTFS\",\"mount\":\"E:\\\\\",\"name\":\"本地固定磁盘 (E:)\",\"timeStamp\":1596957029015},{\"description\":\"Fixed drive\",\"fileFree\":84020510720,\"fileTotal\":93450137600,\"fileUsed\":9429626880,\"fsType\":\"NTFS\",\"mount\":\"D:\\\\\",\"name\":\"本地固定磁盘 (D:)\",\"timeStamp\":1596957029015}]', '{\"errorBytes\":0,\"hostname\":\"LAPTOP-1Q8B7JN9\",\"ip\":\"192.168.2.244\",\"macAddr\":\"7a:d9:25:da:37:3e\",\"primaryDns\":\"192.168.2.1\",\"recBytes\":172188274,\"sentBytes\":17529284,\"timeStamp\":1596957029725}', '{\"errorSpeed\":0,\"receiveSpeed\":822,\"sendSpeed\":1598,\"timeStamp\":1596957029725}', '2020-08-09 15:10:29');
INSERT INTO `sys_monitor_0` VALUES (26, '0001', '{\"arch\":\"amd64\",\"cpuTemperature\":\"61.0\",\"fanSpeed\":0,\"serverId\":\"0001\",\"startTime\":\"2020-08-09 15:08:13\",\"timeStamp\":1596957038998,\"vendor\":\"Microsoft\",\"version\":\"Windows 10 (Home) build 18362\",\"workTime\":\"2分钟 25秒\"}', '{\"idle\":8389,\"model\":\"Intel64 Family 6 Model 142 Stepping 9\",\"name\":\"Intel(R) Core(TM) i7-7500U CPU @ 2.70GHz\",\"sysUse\":579,\"timeStamp\":1596957038999,\"totalCores\":4,\"userUse\":1010,\"vendor\":\"GenuineIntel\",\"wait\":0}', '{\"freeMem\":7736786944,\"timeStamp\":1596957039009,\"totalMem\":17023184896,\"usedMem\":9286397952,\"usedPercent\":5455}', '{\"jdkPath\":\"D:\\\\software\\\\jdk\\\\jre\",\"jvmFree\":429383848,\"jvmMax\":3784310784,\"jvmTotal\":536870912,\"jvmUsed\":107487064,\"jvmUsedPercent\":2002,\"jvmVersion\":\"1.8.0_191\",\"timeStamp\":1596957039009}', '[{\"description\":\"Fixed drive\",\"fileFree\":195978289152,\"fileTotal\":318941163520,\"fileUsed\":122962874368,\"fsType\":\"NTFS\",\"mount\":\"C:\\\\\",\"name\":\"本地固定磁盘 (C:)\",\"timeStamp\":1596957039050},{\"description\":\"Fixed drive\",\"fileFree\":92664274944,\"fileTotal\":98377396224,\"fileUsed\":5713121280,\"fsType\":\"NTFS\",\"mount\":\"E:\\\\\",\"name\":\"本地固定磁盘 (E:)\",\"timeStamp\":1596957039050},{\"description\":\"Fixed drive\",\"fileFree\":84020510720,\"fileTotal\":93450137600,\"fileUsed\":9429626880,\"fsType\":\"NTFS\",\"mount\":\"D:\\\\\",\"name\":\"本地固定磁盘 (D:)\",\"timeStamp\":1596957039050}]', '{\"errorBytes\":0,\"hostname\":\"LAPTOP-1Q8B7JN9\",\"ip\":\"192.168.2.244\",\"macAddr\":\"7a:d9:25:da:37:3e\",\"primaryDns\":\"192.168.2.1\",\"recBytes\":172189201,\"sentBytes\":17530846,\"timeStamp\":1596957039724}', '{\"errorSpeed\":0,\"receiveSpeed\":927,\"sendSpeed\":1562,\"timeStamp\":1596957039724}', '2020-08-09 15:10:39');
INSERT INTO `sys_monitor_0` VALUES (27, '0001', '{\"arch\":\"amd64\",\"cpuTemperature\":\"59.0\",\"fanSpeed\":0,\"serverId\":\"0001\",\"startTime\":\"2020-08-09 15:08:13\",\"timeStamp\":1596957048981,\"vendor\":\"Microsoft\",\"version\":\"Windows 10 (Home) build 18362\",\"workTime\":\"2分钟 35秒\"}', '{\"idle\":8818,\"model\":\"Intel64 Family 6 Model 142 Stepping 9\",\"name\":\"Intel(R) Core(TM) i7-7500U CPU @ 2.70GHz\",\"sysUse\":372,\"timeStamp\":1596957048982,\"totalCores\":4,\"userUse\":801,\"vendor\":\"GenuineIntel\",\"wait\":0}', '{\"freeMem\":7737176064,\"timeStamp\":1596957048986,\"totalMem\":17023184896,\"usedMem\":9286008832,\"usedPercent\":5454}', '{\"jdkPath\":\"D:\\\\software\\\\jdk\\\\jre\",\"jvmFree\":428041672,\"jvmMax\":3784310784,\"jvmTotal\":536870912,\"jvmUsed\":108829240,\"jvmUsedPercent\":2027,\"jvmVersion\":\"1.8.0_191\",\"timeStamp\":1596957048986}', '[{\"description\":\"Fixed drive\",\"fileFree\":195978289152,\"fileTotal\":318941163520,\"fileUsed\":122962874368,\"fsType\":\"NTFS\",\"mount\":\"C:\\\\\",\"name\":\"本地固定磁盘 (C:)\",\"timeStamp\":1596957049014},{\"description\":\"Fixed drive\",\"fileFree\":92664274944,\"fileTotal\":98377396224,\"fileUsed\":5713121280,\"fsType\":\"NTFS\",\"mount\":\"E:\\\\\",\"name\":\"本地固定磁盘 (E:)\",\"timeStamp\":1596957049014},{\"description\":\"Fixed drive\",\"fileFree\":84020510720,\"fileTotal\":93450137600,\"fileUsed\":9429626880,\"fsType\":\"NTFS\",\"mount\":\"D:\\\\\",\"name\":\"本地固定磁盘 (D:)\",\"timeStamp\":1596957049014}]', '{\"errorBytes\":0,\"hostname\":\"LAPTOP-1Q8B7JN9\",\"ip\":\"192.168.2.244\",\"macAddr\":\"7a:d9:25:da:37:3e\",\"primaryDns\":\"192.168.2.1\",\"recBytes\":172207087,\"sentBytes\":17533987,\"timeStamp\":1596957049878}', '{\"errorSpeed\":0,\"receiveSpeed\":17886,\"sendSpeed\":3141,\"timeStamp\":1596957049878}', '2020-08-09 15:10:49');
INSERT INTO `sys_monitor_0` VALUES (28, '0001', '{\"arch\":\"amd64\",\"cpuTemperature\":\"63.0\",\"fanSpeed\":0,\"serverId\":\"0001\",\"startTime\":\"2020-08-09 15:08:13\",\"timeStamp\":1596957059000,\"vendor\":\"Microsoft\",\"version\":\"Windows 10 (Home) build 18362\",\"workTime\":\"2分钟 45秒\"}', '{\"idle\":8056,\"model\":\"Intel64 Family 6 Model 142 Stepping 9\",\"name\":\"Intel(R) Core(TM) i7-7500U CPU @ 2.70GHz\",\"sysUse\":676,\"timeStamp\":1596957059000,\"totalCores\":4,\"userUse\":1261,\"vendor\":\"GenuineIntel\",\"wait\":0}', '{\"freeMem\":7737102336,\"timeStamp\":1596957059011,\"totalMem\":17023184896,\"usedMem\":9286082560,\"usedPercent\":5454}', '{\"jdkPath\":\"D:\\\\software\\\\jdk\\\\jre\",\"jvmFree\":427004320,\"jvmMax\":3784310784,\"jvmTotal\":536870912,\"jvmUsed\":109866592,\"jvmUsedPercent\":2046,\"jvmVersion\":\"1.8.0_191\",\"timeStamp\":1596957059011}', '[{\"description\":\"Fixed drive\",\"fileFree\":195978035200,\"fileTotal\":318941163520,\"fileUsed\":122963128320,\"fsType\":\"NTFS\",\"mount\":\"C:\\\\\",\"name\":\"本地固定磁盘 (C:)\",\"timeStamp\":1596957059045},{\"description\":\"Fixed drive\",\"fileFree\":92664274944,\"fileTotal\":98377396224,\"fileUsed\":5713121280,\"fsType\":\"NTFS\",\"mount\":\"E:\\\\\",\"name\":\"本地固定磁盘 (E:)\",\"timeStamp\":1596957059045},{\"description\":\"Fixed drive\",\"fileFree\":84020510720,\"fileTotal\":93450137600,\"fileUsed\":9429626880,\"fsType\":\"NTFS\",\"mount\":\"D:\\\\\",\"name\":\"本地固定磁盘 (D:)\",\"timeStamp\":1596957059045}]', '{\"errorBytes\":0,\"hostname\":\"LAPTOP-1Q8B7JN9\",\"ip\":\"192.168.2.244\",\"macAddr\":\"7a:d9:25:da:37:3e\",\"primaryDns\":\"192.168.2.1\",\"recBytes\":172208947,\"sentBytes\":17536079,\"timeStamp\":1596957059703}', '{\"errorSpeed\":0,\"receiveSpeed\":1860,\"sendSpeed\":2092,\"timeStamp\":1596957059703}', '2020-08-09 15:10:59');
INSERT INTO `sys_monitor_0` VALUES (29, '0001', '{\"arch\":\"amd64\",\"cpuTemperature\":\"61.0\",\"fanSpeed\":0,\"serverId\":\"0001\",\"startTime\":\"2020-08-09 15:08:13\",\"timeStamp\":1596957069011,\"vendor\":\"Microsoft\",\"version\":\"Windows 10 (Home) build 18362\",\"workTime\":\"2分钟 55秒\"}', '{\"idle\":7691,\"model\":\"Intel64 Family 6 Model 142 Stepping 9\",\"name\":\"Intel(R) Core(TM) i7-7500U CPU @ 2.70GHz\",\"sysUse\":930,\"timeStamp\":1596957069011,\"totalCores\":4,\"userUse\":1366,\"vendor\":\"GenuineIntel\",\"wait\":0}', '{\"freeMem\":7645454336,\"timeStamp\":1596957069036,\"totalMem\":17023184896,\"usedMem\":9377730560,\"usedPercent\":5508}', '{\"jdkPath\":\"D:\\\\software\\\\jdk\\\\jre\",\"jvmFree\":425662144,\"jvmMax\":3784310784,\"jvmTotal\":536870912,\"jvmUsed\":111208768,\"jvmUsedPercent\":2071,\"jvmVersion\":\"1.8.0_191\",\"timeStamp\":1596957069036}', '[{\"description\":\"Fixed drive\",\"fileFree\":195977904128,\"fileTotal\":318941163520,\"fileUsed\":122963259392,\"fsType\":\"NTFS\",\"mount\":\"C:\\\\\",\"name\":\"本地固定磁盘 (C:)\",\"timeStamp\":1596957069135},{\"description\":\"Fixed drive\",\"fileFree\":92664274944,\"fileTotal\":98377396224,\"fileUsed\":5713121280,\"fsType\":\"NTFS\",\"mount\":\"E:\\\\\",\"name\":\"本地固定磁盘 (E:)\",\"timeStamp\":1596957069135},{\"description\":\"Fixed drive\",\"fileFree\":84020510720,\"fileTotal\":93450137600,\"fileUsed\":9429626880,\"fsType\":\"NTFS\",\"mount\":\"D:\\\\\",\"name\":\"本地固定磁盘 (D:)\",\"timeStamp\":1596957069135}]', '{\"errorBytes\":0,\"hostname\":\"LAPTOP-1Q8B7JN9\",\"ip\":\"192.168.2.244\",\"macAddr\":\"7a:d9:25:da:37:3e\",\"primaryDns\":\"192.168.2.1\",\"recBytes\":172209979,\"sentBytes\":17538299,\"timeStamp\":1596957070214}', '{\"errorSpeed\":0,\"receiveSpeed\":1032,\"sendSpeed\":2220,\"timeStamp\":1596957070214}', '2020-08-09 15:11:10');
INSERT INTO `sys_monitor_0` VALUES (30, '0001', '{\"arch\":\"amd64\",\"cpuTemperature\":\"69.0\",\"fanSpeed\":0,\"serverId\":\"0001\",\"startTime\":\"2020-08-09 15:08:13\",\"timeStamp\":1596957078985,\"vendor\":\"Microsoft\",\"version\":\"Windows 10 (Home) build 18362\",\"workTime\":\"3分钟 5秒\"}', '{\"idle\":5066,\"model\":\"Intel64 Family 6 Model 142 Stepping 9\",\"name\":\"Intel(R) Core(TM) i7-7500U CPU @ 2.70GHz\",\"sysUse\":2540,\"timeStamp\":1596957078985,\"totalCores\":4,\"userUse\":2370,\"vendor\":\"GenuineIntel\",\"wait\":0}', '{\"freeMem\":7551688704,\"timeStamp\":1596957078991,\"totalMem\":17023184896,\"usedMem\":9471496192,\"usedPercent\":5563}', '{\"jdkPath\":\"D:\\\\software\\\\jdk\\\\jre\",\"jvmFree\":423779760,\"jvmMax\":3784310784,\"jvmTotal\":536870912,\"jvmUsed\":113091152,\"jvmUsedPercent\":2106,\"jvmVersion\":\"1.8.0_191\",\"timeStamp\":1596957078991}', '[{\"description\":\"Fixed drive\",\"fileFree\":195979931648,\"fileTotal\":318941163520,\"fileUsed\":122961231872,\"fsType\":\"NTFS\",\"mount\":\"C:\\\\\",\"name\":\"本地固定磁盘 (C:)\",\"timeStamp\":1596957079017},{\"description\":\"Fixed drive\",\"fileFree\":92664258560,\"fileTotal\":98377396224,\"fileUsed\":5713137664,\"fsType\":\"NTFS\",\"mount\":\"E:\\\\\",\"name\":\"本地固定磁盘 (E:)\",\"timeStamp\":1596957079017},{\"description\":\"Fixed drive\",\"fileFree\":84020510720,\"fileTotal\":93450137600,\"fileUsed\":9429626880,\"fsType\":\"NTFS\",\"mount\":\"D:\\\\\",\"name\":\"本地固定磁盘 (D:)\",\"timeStamp\":1596957079017}]', '{\"errorBytes\":0,\"hostname\":\"LAPTOP-1Q8B7JN9\",\"ip\":\"192.168.2.244\",\"macAddr\":\"7a:d9:25:da:37:3e\",\"primaryDns\":\"192.168.2.1\",\"recBytes\":172343863,\"sentBytes\":17549690,\"timeStamp\":1596957079747}', '{\"errorSpeed\":0,\"receiveSpeed\":133884,\"sendSpeed\":11391,\"timeStamp\":1596957079747}', '2020-08-09 15:11:19');
INSERT INTO `sys_monitor_0` VALUES (31, '0001', '{\"arch\":\"amd64\",\"cpuTemperature\":\"60.0\",\"fanSpeed\":0,\"serverId\":\"0001\",\"startTime\":\"2020-08-09 15:08:13\",\"timeStamp\":1596957089001,\"vendor\":\"Microsoft\",\"version\":\"Windows 10 (Home) build 18362\",\"workTime\":\"3分钟 15秒\"}', '{\"idle\":8291,\"model\":\"Intel64 Family 6 Model 142 Stepping 9\",\"name\":\"Intel(R) Core(TM) i7-7500U CPU @ 2.70GHz\",\"sysUse\":626,\"timeStamp\":1596957089001,\"totalCores\":4,\"userUse\":1072,\"vendor\":\"GenuineIntel\",\"wait\":0}', '{\"freeMem\":7588483072,\"timeStamp\":1596957089008,\"totalMem\":17023184896,\"usedMem\":9434701824,\"usedPercent\":5542}', '{\"jdkPath\":\"D:\\\\software\\\\jdk\\\\jre\",\"jvmFree\":422437584,\"jvmMax\":3784310784,\"jvmTotal\":536870912,\"jvmUsed\":114433328,\"jvmUsedPercent\":2131,\"jvmVersion\":\"1.8.0_191\",\"timeStamp\":1596957089008}', '[{\"description\":\"Fixed drive\",\"fileFree\":195979833344,\"fileTotal\":318941163520,\"fileUsed\":122961330176,\"fsType\":\"NTFS\",\"mount\":\"C:\\\\\",\"name\":\"本地固定磁盘 (C:)\",\"timeStamp\":1596957089031},{\"description\":\"Fixed drive\",\"fileFree\":92664258560,\"fileTotal\":98377396224,\"fileUsed\":5713137664,\"fsType\":\"NTFS\",\"mount\":\"E:\\\\\",\"name\":\"本地固定磁盘 (E:)\",\"timeStamp\":1596957089031},{\"description\":\"Fixed drive\",\"fileFree\":84020510720,\"fileTotal\":93450137600,\"fileUsed\":9429626880,\"fsType\":\"NTFS\",\"mount\":\"D:\\\\\",\"name\":\"本地固定磁盘 (D:)\",\"timeStamp\":1596957089031}]', '{\"errorBytes\":0,\"hostname\":\"LAPTOP-1Q8B7JN9\",\"ip\":\"192.168.2.244\",\"macAddr\":\"7a:d9:25:da:37:3e\",\"primaryDns\":\"192.168.2.1\",\"recBytes\":172344805,\"sentBytes\":17551126,\"timeStamp\":1596957089758}', '{\"errorSpeed\":0,\"receiveSpeed\":942,\"sendSpeed\":1436,\"timeStamp\":1596957089758}', '2020-08-09 15:11:29');
INSERT INTO `sys_monitor_0` VALUES (32, '0001', '{\"arch\":\"amd64\",\"cpuTemperature\":\"61.0\",\"fanSpeed\":0,\"serverId\":\"0001\",\"startTime\":\"2020-08-09 15:08:13\",\"timeStamp\":1596957099025,\"vendor\":\"Microsoft\",\"version\":\"Windows 10 (Home) build 18362\",\"workTime\":\"3分钟 25秒\"}', '{\"idle\":7784,\"model\":\"Intel64 Family 6 Model 142 Stepping 9\",\"name\":\"Intel(R) Core(TM) i7-7500U CPU @ 2.70GHz\",\"sysUse\":870,\"timeStamp\":1596957099026,\"totalCores\":4,\"userUse\":1333,\"vendor\":\"GenuineIntel\",\"wait\":0}', '{\"freeMem\":7632826368,\"timeStamp\":1596957099031,\"totalMem\":17023184896,\"usedMem\":9390358528,\"usedPercent\":5516}', '{\"jdkPath\":\"D:\\\\software\\\\jdk\\\\jre\",\"jvmFree\":421095408,\"jvmMax\":3784310784,\"jvmTotal\":536870912,\"jvmUsed\":115775504,\"jvmUsedPercent\":2156,\"jvmVersion\":\"1.8.0_191\",\"timeStamp\":1596957099031}', '[{\"description\":\"Fixed drive\",\"fileFree\":195979374592,\"fileTotal\":318941163520,\"fileUsed\":122961788928,\"fsType\":\"NTFS\",\"mount\":\"C:\\\\\",\"name\":\"本地固定磁盘 (C:)\",\"timeStamp\":1596957099056},{\"description\":\"Fixed drive\",\"fileFree\":92664258560,\"fileTotal\":98377396224,\"fileUsed\":5713137664,\"fsType\":\"NTFS\",\"mount\":\"E:\\\\\",\"name\":\"本地固定磁盘 (E:)\",\"timeStamp\":1596957099056},{\"description\":\"Fixed drive\",\"fileFree\":84020510720,\"fileTotal\":93450137600,\"fileUsed\":9429626880,\"fsType\":\"NTFS\",\"mount\":\"D:\\\\\",\"name\":\"本地固定磁盘 (D:)\",\"timeStamp\":1596957099056}]', '{\"errorBytes\":0,\"hostname\":\"LAPTOP-1Q8B7JN9\",\"ip\":\"192.168.2.244\",\"macAddr\":\"7a:d9:25:da:37:3e\",\"primaryDns\":\"192.168.2.1\",\"recBytes\":172346327,\"sentBytes\":17554505,\"timeStamp\":1596957099730}', '{\"errorSpeed\":0,\"receiveSpeed\":1522,\"sendSpeed\":3379,\"timeStamp\":1596957099730}', '2020-08-09 15:11:39');
INSERT INTO `sys_monitor_0` VALUES (33, '0001', '{\"arch\":\"amd64\",\"cpuTemperature\":\"61.0\",\"fanSpeed\":0,\"serverId\":\"0001\",\"startTime\":\"2020-08-09 15:08:13\",\"timeStamp\":1596957108981,\"vendor\":\"Microsoft\",\"version\":\"Windows 10 (Home) build 18362\",\"workTime\":\"3分钟 35秒\"}', '{\"idle\":8379,\"model\":\"Intel64 Family 6 Model 142 Stepping 9\",\"name\":\"Intel(R) Core(TM) i7-7500U CPU @ 2.70GHz\",\"sysUse\":618,\"timeStamp\":1596957108981,\"totalCores\":4,\"userUse\":992,\"vendor\":\"GenuineIntel\",\"wait\":0}', '{\"freeMem\":7646367744,\"timeStamp\":1596957108985,\"totalMem\":17023184896,\"usedMem\":9376817152,\"usedPercent\":5508}', '{\"jdkPath\":\"D:\\\\software\\\\jdk\\\\jre\",\"jvmFree\":419753232,\"jvmMax\":3784310784,\"jvmTotal\":536870912,\"jvmUsed\":117117680,\"jvmUsedPercent\":2181,\"jvmVersion\":\"1.8.0_191\",\"timeStamp\":1596957108985}', '[{\"description\":\"Fixed drive\",\"fileFree\":195979374592,\"fileTotal\":318941163520,\"fileUsed\":122961788928,\"fsType\":\"NTFS\",\"mount\":\"C:\\\\\",\"name\":\"本地固定磁盘 (C:)\",\"timeStamp\":1596957109011},{\"description\":\"Fixed drive\",\"fileFree\":92664258560,\"fileTotal\":98377396224,\"fileUsed\":5713137664,\"fsType\":\"NTFS\",\"mount\":\"E:\\\\\",\"name\":\"本地固定磁盘 (E:)\",\"timeStamp\":1596957109011},{\"description\":\"Fixed drive\",\"fileFree\":84020510720,\"fileTotal\":93450137600,\"fileUsed\":9429626880,\"fsType\":\"NTFS\",\"mount\":\"D:\\\\\",\"name\":\"本地固定磁盘 (D:)\",\"timeStamp\":1596957109011}]', '{\"errorBytes\":0,\"hostname\":\"LAPTOP-1Q8B7JN9\",\"ip\":\"192.168.2.244\",\"macAddr\":\"7a:d9:25:da:37:3e\",\"primaryDns\":\"192.168.2.1\",\"recBytes\":172363674,\"sentBytes\":17557867,\"timeStamp\":1596957109784}', '{\"errorSpeed\":0,\"receiveSpeed\":17347,\"sendSpeed\":3362,\"timeStamp\":1596957109784}', '2020-08-09 15:11:49');
INSERT INTO `sys_monitor_0` VALUES (34, '0001', '{\"arch\":\"amd64\",\"cpuTemperature\":\"60.0\",\"fanSpeed\":0,\"serverId\":\"0001\",\"startTime\":\"2020-08-09 15:08:13\",\"timeStamp\":1596957118980,\"vendor\":\"Microsoft\",\"version\":\"Windows 10 (Home) build 18362\",\"workTime\":\"3分钟 45秒\"}', '{\"idle\":8343,\"model\":\"Intel64 Family 6 Model 142 Stepping 9\",\"name\":\"Intel(R) Core(TM) i7-7500U CPU @ 2.70GHz\",\"sysUse\":657,\"timeStamp\":1596957118980,\"totalCores\":4,\"userUse\":995,\"vendor\":\"GenuineIntel\",\"wait\":0}', '{\"freeMem\":7657000960,\"timeStamp\":1596957118985,\"totalMem\":17023184896,\"usedMem\":9366183936,\"usedPercent\":5502}', '{\"jdkPath\":\"D:\\\\software\\\\jdk\\\\jre\",\"jvmFree\":417373704,\"jvmMax\":3784310784,\"jvmTotal\":536870912,\"jvmUsed\":119497208,\"jvmUsedPercent\":2225,\"jvmVersion\":\"1.8.0_191\",\"timeStamp\":1596957118985}', '[{\"description\":\"Fixed drive\",\"fileFree\":195979374592,\"fileTotal\":318941163520,\"fileUsed\":122961788928,\"fsType\":\"NTFS\",\"mount\":\"C:\\\\\",\"name\":\"本地固定磁盘 (C:)\",\"timeStamp\":1596957119012},{\"description\":\"Fixed drive\",\"fileFree\":92664258560,\"fileTotal\":98377396224,\"fileUsed\":5713137664,\"fsType\":\"NTFS\",\"mount\":\"E:\\\\\",\"name\":\"本地固定磁盘 (E:)\",\"timeStamp\":1596957119012},{\"description\":\"Fixed drive\",\"fileFree\":84020510720,\"fileTotal\":93450137600,\"fileUsed\":9429626880,\"fsType\":\"NTFS\",\"mount\":\"D:\\\\\",\"name\":\"本地固定磁盘 (D:)\",\"timeStamp\":1596957119012}]', '{\"errorBytes\":0,\"hostname\":\"LAPTOP-1Q8B7JN9\",\"ip\":\"192.168.2.244\",\"macAddr\":\"7a:d9:25:da:37:3e\",\"primaryDns\":\"192.168.2.1\",\"recBytes\":172364867,\"sentBytes\":17559165,\"timeStamp\":1596957119744}', '{\"errorSpeed\":0,\"receiveSpeed\":1193,\"sendSpeed\":1298,\"timeStamp\":1596957119744}', '2020-08-09 15:11:59');
INSERT INTO `sys_monitor_0` VALUES (35, '0001', '{\"arch\":\"amd64\",\"cpuTemperature\":\"66.0\",\"fanSpeed\":0,\"serverId\":\"0001\",\"startTime\":\"2020-08-09 15:08:13\",\"timeStamp\":1596957128978,\"vendor\":\"Microsoft\",\"version\":\"Windows 10 (Home) build 18362\",\"workTime\":\"3分钟 55秒\"}', '{\"idle\":7793,\"model\":\"Intel64 Family 6 Model 142 Stepping 9\",\"name\":\"Intel(R) Core(TM) i7-7500U CPU @ 2.70GHz\",\"sysUse\":917,\"timeStamp\":1596957128978,\"totalCores\":4,\"userUse\":1269,\"vendor\":\"GenuineIntel\",\"wait\":0}', '{\"freeMem\":7653265408,\"timeStamp\":1596957128982,\"totalMem\":17023184896,\"usedMem\":9369919488,\"usedPercent\":5504}', '{\"jdkPath\":\"D:\\\\software\\\\jdk\\\\jre\",\"jvmFree\":416336352,\"jvmMax\":3784310784,\"jvmTotal\":536870912,\"jvmUsed\":120534560,\"jvmUsedPercent\":2245,\"jvmVersion\":\"1.8.0_191\",\"timeStamp\":1596957128982}', '[{\"description\":\"Fixed drive\",\"fileFree\":195979374592,\"fileTotal\":318941163520,\"fileUsed\":122961788928,\"fsType\":\"NTFS\",\"mount\":\"C:\\\\\",\"name\":\"本地固定磁盘 (C:)\",\"timeStamp\":1596957129004},{\"description\":\"Fixed drive\",\"fileFree\":92664258560,\"fileTotal\":98377396224,\"fileUsed\":5713137664,\"fsType\":\"NTFS\",\"mount\":\"E:\\\\\",\"name\":\"本地固定磁盘 (E:)\",\"timeStamp\":1596957129004},{\"description\":\"Fixed drive\",\"fileFree\":84020510720,\"fileTotal\":93450137600,\"fileUsed\":9429626880,\"fsType\":\"NTFS\",\"mount\":\"D:\\\\\",\"name\":\"本地固定磁盘 (D:)\",\"timeStamp\":1596957129004}]', '{\"errorBytes\":0,\"hostname\":\"LAPTOP-1Q8B7JN9\",\"ip\":\"192.168.2.244\",\"macAddr\":\"7a:d9:25:da:37:3e\",\"primaryDns\":\"192.168.2.1\",\"recBytes\":172365806,\"sentBytes\":17560578,\"timeStamp\":1596957129669}', '{\"errorSpeed\":0,\"receiveSpeed\":939,\"sendSpeed\":1413,\"timeStamp\":1596957129669}', '2020-08-09 15:12:09');
INSERT INTO `sys_monitor_0` VALUES (36, '0001', '{\"arch\":\"amd64\",\"cpuTemperature\":\"74.0\",\"fanSpeed\":0,\"serverId\":\"0001\",\"startTime\":\"2020-08-30 11:48:52\",\"timeStamp\":1598759423226,\"vendor\":\"Microsoft\",\"version\":\"Windows 10 (Home) build 18362\",\"workTime\":\"1分钟 31秒\"}', '{\"idle\":0,\"model\":\"Intel64 Family 6 Model 142 Stepping 9\",\"name\":\"Intel(R) Core(TM) i7-7500U CPU @ 2.70GHz\",\"sysUse\":2816,\"timeStamp\":1598759426346,\"totalCores\":4,\"userUse\":7111,\"vendor\":\"GenuineIntel\",\"wait\":0}', '{\"freeMem\":4726063104,\"timeStamp\":1598759426376,\"totalMem\":17023184896,\"usedMem\":12297121792,\"usedPercent\":7223}', '{\"jdkPath\":\"D:\\\\software\\\\jdk\\\\jre\",\"jvmFree\":196856720,\"jvmMax\":253755392,\"jvmTotal\":253755392,\"jvmUsed\":56898672,\"jvmUsedPercent\":2242,\"jvmVersion\":\"1.8.0_191\",\"timeStamp\":1598759426376}', '[{\"description\":\"Fixed drive\",\"fileFree\":180803002368,\"fileTotal\":318941163520,\"fileUsed\":138138161152,\"fsType\":\"NTFS\",\"mount\":\"C:\\\\\",\"name\":\"本地固定磁盘 (C:)\",\"timeStamp\":1598759426568},{\"description\":\"Fixed drive\",\"fileFree\":76580749312,\"fileTotal\":98377396224,\"fileUsed\":21796646912,\"fsType\":\"NTFS\",\"mount\":\"E:\\\\\",\"name\":\"本地固定磁盘 (E:)\",\"timeStamp\":1598759426568},{\"description\":\"Fixed drive\",\"fileFree\":83388383232,\"fileTotal\":93450137600,\"fileUsed\":10061754368,\"fsType\":\"NTFS\",\"mount\":\"D:\\\\\",\"name\":\"本地固定磁盘 (D:)\",\"timeStamp\":1598759426568}]', '{\"errorBytes\":0,\"hostname\":\"LAPTOP-1Q8B7JN9\",\"ip\":\"192.168.2.244\",\"macAddr\":\"7a:d9:25:da:37:3e\",\"primaryDns\":\"192.168.2.1\",\"recBytes\":332345031,\"sentBytes\":46314768,\"timeStamp\":1598759430779}', '{\"errorSpeed\":0,\"receiveSpeed\":0,\"sendSpeed\":0,\"timeStamp\":1598759430779}', '2020-08-30 11:50:30');
INSERT INTO `sys_monitor_0` VALUES (37, '0001', '{\"arch\":\"amd64\",\"cpuTemperature\":\"74.0\",\"fanSpeed\":0,\"serverId\":\"0001\",\"startTime\":\"2020-08-30 11:48:52\",\"timeStamp\":1598759432275,\"vendor\":\"Microsoft\",\"version\":\"Windows 10 (Home) build 18362\",\"workTime\":\"1分钟 40秒\"}', '{\"idle\":0,\"model\":\"Intel64 Family 6 Model 142 Stepping 9\",\"name\":\"Intel(R) Core(TM) i7-7500U CPU @ 2.70GHz\",\"sysUse\":3506,\"timeStamp\":1598759432276,\"totalCores\":4,\"userUse\":6474,\"vendor\":\"GenuineIntel\",\"wait\":0}', '{\"freeMem\":4663148544,\"timeStamp\":1598759432297,\"totalMem\":17023184896,\"usedMem\":12360036352,\"usedPercent\":7260}', '{\"jdkPath\":\"D:\\\\software\\\\jdk\\\\jre\",\"jvmFree\":215602320,\"jvmMax\":254279680,\"jvmTotal\":254279680,\"jvmUsed\":38677360,\"jvmUsedPercent\":1521,\"jvmVersion\":\"1.8.0_191\",\"timeStamp\":1598759432297}', '[{\"description\":\"Fixed drive\",\"fileFree\":180803018752,\"fileTotal\":318941163520,\"fileUsed\":138138144768,\"fsType\":\"NTFS\",\"mount\":\"C:\\\\\",\"name\":\"本地固定磁盘 (C:)\",\"timeStamp\":1598759432380},{\"description\":\"Fixed drive\",\"fileFree\":76580732928,\"fileTotal\":98377396224,\"fileUsed\":21796663296,\"fsType\":\"NTFS\",\"mount\":\"E:\\\\\",\"name\":\"本地固定磁盘 (E:)\",\"timeStamp\":1598759432380},{\"description\":\"Fixed drive\",\"fileFree\":83388375040,\"fileTotal\":93450137600,\"fileUsed\":10061762560,\"fsType\":\"NTFS\",\"mount\":\"D:\\\\\",\"name\":\"本地固定磁盘 (D:)\",\"timeStamp\":1598759432380}]', '{\"errorBytes\":0,\"hostname\":\"LAPTOP-1Q8B7JN9\",\"ip\":\"192.168.2.244\",\"macAddr\":\"7a:d9:25:da:37:3e\",\"primaryDns\":\"192.168.2.1\",\"recBytes\":332350477,\"sentBytes\":46316640,\"timeStamp\":1598759435689}', '{\"errorSpeed\":0,\"receiveSpeed\":5446,\"sendSpeed\":1872,\"timeStamp\":1598759435689}', '2020-08-30 11:50:35');
INSERT INTO `sys_monitor_0` VALUES (38, '0001', '{\"arch\":\"amd64\",\"cpuTemperature\":\"74.0\",\"fanSpeed\":0,\"serverId\":\"0001\",\"startTime\":\"2020-08-30 11:48:52\",\"timeStamp\":1598759442167,\"vendor\":\"Microsoft\",\"version\":\"Windows 10 (Home) build 18362\",\"workTime\":\"1分钟 50秒\"}', '{\"idle\":86,\"model\":\"Intel64 Family 6 Model 142 Stepping 9\",\"name\":\"Intel(R) Core(TM) i7-7500U CPU @ 2.70GHz\",\"sysUse\":3990,\"timeStamp\":1598759442168,\"totalCores\":4,\"userUse\":5864,\"vendor\":\"GenuineIntel\",\"wait\":0}', '{\"freeMem\":4636454912,\"timeStamp\":1598759442215,\"totalMem\":17023184896,\"usedMem\":12386729984,\"usedPercent\":7276}', '{\"jdkPath\":\"D:\\\\software\\\\jdk\\\\jre\",\"jvmFree\":213072992,\"jvmMax\":254279680,\"jvmTotal\":254279680,\"jvmUsed\":41206688,\"jvmUsedPercent\":1620,\"jvmVersion\":\"1.8.0_191\",\"timeStamp\":1598759442215}', '[{\"description\":\"Fixed drive\",\"fileFree\":180803493888,\"fileTotal\":318941163520,\"fileUsed\":138137669632,\"fsType\":\"NTFS\",\"mount\":\"C:\\\\\",\"name\":\"本地固定磁盘 (C:)\",\"timeStamp\":1598759442307},{\"description\":\"Fixed drive\",\"fileFree\":76580732928,\"fileTotal\":98377396224,\"fileUsed\":21796663296,\"fsType\":\"NTFS\",\"mount\":\"E:\\\\\",\"name\":\"本地固定磁盘 (E:)\",\"timeStamp\":1598759442307},{\"description\":\"Fixed drive\",\"fileFree\":83388375040,\"fileTotal\":93450137600,\"fileUsed\":10061762560,\"fsType\":\"NTFS\",\"mount\":\"D:\\\\\",\"name\":\"本地固定磁盘 (D:)\",\"timeStamp\":1598759442307}]', '{\"errorBytes\":0,\"hostname\":\"LAPTOP-1Q8B7JN9\",\"ip\":\"192.168.2.244\",\"macAddr\":\"7a:d9:25:da:37:3e\",\"primaryDns\":\"192.168.2.1\",\"recBytes\":332353747,\"sentBytes\":46321743,\"timeStamp\":1598759446815}', '{\"errorSpeed\":0,\"receiveSpeed\":3270,\"sendSpeed\":5103,\"timeStamp\":1598759446815}', '2020-08-30 11:50:46');
INSERT INTO `sys_monitor_0` VALUES (39, '0001', '{\"arch\":\"amd64\",\"cpuTemperature\":\"74.0\",\"fanSpeed\":0,\"serverId\":\"0001\",\"startTime\":\"2020-08-30 11:48:52\",\"timeStamp\":1598759452128,\"vendor\":\"Microsoft\",\"version\":\"Windows 10 (Home) build 18362\",\"workTime\":\"2分钟 \"}', '{\"idle\":180,\"model\":\"Intel64 Family 6 Model 142 Stepping 9\",\"name\":\"Intel(R) Core(TM) i7-7500U CPU @ 2.70GHz\",\"sysUse\":3501,\"timeStamp\":1598759452129,\"totalCores\":4,\"userUse\":6308,\"vendor\":\"GenuineIntel\",\"wait\":0}', '{\"freeMem\":4717551616,\"timeStamp\":1598759452194,\"totalMem\":17023184896,\"usedMem\":12305633280,\"usedPercent\":7228}', '{\"jdkPath\":\"D:\\\\software\\\\jdk\\\\jre\",\"jvmFree\":211245032,\"jvmMax\":254279680,\"jvmTotal\":254279680,\"jvmUsed\":43034648,\"jvmUsedPercent\":1692,\"jvmVersion\":\"1.8.0_191\",\"timeStamp\":1598759452194}', '[{\"description\":\"Fixed drive\",\"fileFree\":180802654208,\"fileTotal\":318941163520,\"fileUsed\":138138509312,\"fsType\":\"NTFS\",\"mount\":\"C:\\\\\",\"name\":\"本地固定磁盘 (C:)\",\"timeStamp\":1598759452314},{\"description\":\"Fixed drive\",\"fileFree\":76580728832,\"fileTotal\":98377396224,\"fileUsed\":21796667392,\"fsType\":\"NTFS\",\"mount\":\"E:\\\\\",\"name\":\"本地固定磁盘 (E:)\",\"timeStamp\":1598759452314},{\"description\":\"Fixed drive\",\"fileFree\":83388375040,\"fileTotal\":93450137600,\"fileUsed\":10061762560,\"fsType\":\"NTFS\",\"mount\":\"D:\\\\\",\"name\":\"本地固定磁盘 (D:)\",\"timeStamp\":1598759452314}]', '{\"errorBytes\":0,\"hostname\":\"LAPTOP-1Q8B7JN9\",\"ip\":\"192.168.2.244\",\"macAddr\":\"7a:d9:25:da:37:3e\",\"primaryDns\":\"192.168.2.1\",\"recBytes\":332366603,\"sentBytes\":46323957,\"timeStamp\":1598759457428}', '{\"errorSpeed\":0,\"receiveSpeed\":12856,\"sendSpeed\":2214,\"timeStamp\":1598759457428}', '2020-08-30 11:50:57');
INSERT INTO `sys_monitor_0` VALUES (40, '0001', '{\"arch\":\"amd64\",\"cpuTemperature\":\"73.0\",\"fanSpeed\":0,\"serverId\":\"0001\",\"startTime\":\"2020-08-30 11:48:52\",\"timeStamp\":1598759462120,\"vendor\":\"Microsoft\",\"version\":\"Windows 10 (Home) build 18362\",\"workTime\":\"2分钟 10秒\"}', '{\"idle\":2300,\"model\":\"Intel64 Family 6 Model 142 Stepping 9\",\"name\":\"Intel(R) Core(TM) i7-7500U CPU @ 2.70GHz\",\"sysUse\":2539,\"timeStamp\":1598759462120,\"totalCores\":4,\"userUse\":5113,\"vendor\":\"GenuineIntel\",\"wait\":0}', '{\"freeMem\":4633747456,\"timeStamp\":1598759462136,\"totalMem\":17023184896,\"usedMem\":12389437440,\"usedPercent\":7277}', '{\"jdkPath\":\"D:\\\\software\\\\jdk\\\\jre\",\"jvmFree\":209183088,\"jvmMax\":254279680,\"jvmTotal\":254279680,\"jvmUsed\":45096592,\"jvmUsedPercent\":1773,\"jvmVersion\":\"1.8.0_191\",\"timeStamp\":1598759462136}', '[{\"description\":\"Fixed drive\",\"fileFree\":180802170880,\"fileTotal\":318941163520,\"fileUsed\":138138992640,\"fsType\":\"NTFS\",\"mount\":\"C:\\\\\",\"name\":\"本地固定磁盘 (C:)\",\"timeStamp\":1598759462179},{\"description\":\"Fixed drive\",\"fileFree\":76580728832,\"fileTotal\":98377396224,\"fileUsed\":21796667392,\"fsType\":\"NTFS\",\"mount\":\"E:\\\\\",\"name\":\"本地固定磁盘 (E:)\",\"timeStamp\":1598759462179},{\"description\":\"Fixed drive\",\"fileFree\":83388375040,\"fileTotal\":93450137600,\"fileUsed\":10061762560,\"fsType\":\"NTFS\",\"mount\":\"D:\\\\\",\"name\":\"本地固定磁盘 (D:)\",\"timeStamp\":1598759462179}]', '{\"errorBytes\":0,\"hostname\":\"LAPTOP-1Q8B7JN9\",\"ip\":\"192.168.2.244\",\"macAddr\":\"7a:d9:25:da:37:3e\",\"primaryDns\":\"192.168.2.1\",\"recBytes\":332372100,\"sentBytes\":46326455,\"timeStamp\":1598759464061}', '{\"errorSpeed\":0,\"receiveSpeed\":5497,\"sendSpeed\":2498,\"timeStamp\":1598759464061}', '2020-08-30 11:51:04');
INSERT INTO `sys_monitor_0` VALUES (41, '0001', '{\"arch\":\"amd64\",\"cpuTemperature\":\"73.0\",\"fanSpeed\":0,\"serverId\":\"0001\",\"startTime\":\"2020-08-30 11:48:52\",\"timeStamp\":1598759472204,\"vendor\":\"Microsoft\",\"version\":\"Windows 10 (Home) build 18362\",\"workTime\":\"2分钟 20秒\"}', '{\"idle\":4841,\"model\":\"Intel64 Family 6 Model 142 Stepping 9\",\"name\":\"Intel(R) Core(TM) i7-7500U CPU @ 2.70GHz\",\"sysUse\":2217,\"timeStamp\":1598759472210,\"totalCores\":4,\"userUse\":2883,\"vendor\":\"GenuineIntel\",\"wait\":0}', '{\"freeMem\":4640210944,\"timeStamp\":1598759472236,\"totalMem\":17023184896,\"usedMem\":12382973952,\"usedPercent\":7274}', '{\"jdkPath\":\"D:\\\\software\\\\jdk\\\\jre\",\"jvmFree\":207291136,\"jvmMax\":254279680,\"jvmTotal\":254279680,\"jvmUsed\":46988544,\"jvmUsedPercent\":1847,\"jvmVersion\":\"1.8.0_191\",\"timeStamp\":1598759472236}', '[{\"description\":\"Fixed drive\",\"fileFree\":180802166784,\"fileTotal\":318941163520,\"fileUsed\":138138996736,\"fsType\":\"NTFS\",\"mount\":\"C:\\\\\",\"name\":\"本地固定磁盘 (C:)\",\"timeStamp\":1598759472303},{\"description\":\"Fixed drive\",\"fileFree\":76580704256,\"fileTotal\":98377396224,\"fileUsed\":21796691968,\"fsType\":\"NTFS\",\"mount\":\"E:\\\\\",\"name\":\"本地固定磁盘 (E:)\",\"timeStamp\":1598759472303},{\"description\":\"Fixed drive\",\"fileFree\":83388358656,\"fileTotal\":93450137600,\"fileUsed\":10061778944,\"fsType\":\"NTFS\",\"mount\":\"D:\\\\\",\"name\":\"本地固定磁盘 (D:)\",\"timeStamp\":1598759472303}]', '{\"errorBytes\":0,\"hostname\":\"LAPTOP-1Q8B7JN9\",\"ip\":\"192.168.2.244\",\"macAddr\":\"7a:d9:25:da:37:3e\",\"primaryDns\":\"192.168.2.1\",\"recBytes\":332374947,\"sentBytes\":46333808,\"timeStamp\":1598759474190}', '{\"errorSpeed\":0,\"receiveSpeed\":2847,\"sendSpeed\":7353,\"timeStamp\":1598759474190}', '2020-08-30 11:51:14');
INSERT INTO `sys_monitor_0` VALUES (42, '0001', '{\"arch\":\"amd64\",\"cpuTemperature\":\"72.0\",\"fanSpeed\":0,\"serverId\":\"0001\",\"startTime\":\"2020-08-30 11:48:52\",\"timeStamp\":1598759482117,\"vendor\":\"Microsoft\",\"version\":\"Windows 10 (Home) build 18362\",\"workTime\":\"2分钟 29秒\"}', '{\"idle\":6072,\"model\":\"Intel64 Family 6 Model 142 Stepping 9\",\"name\":\"Intel(R) Core(TM) i7-7500U CPU @ 2.70GHz\",\"sysUse\":1467,\"timeStamp\":1598759482118,\"totalCores\":4,\"userUse\":2413,\"vendor\":\"GenuineIntel\",\"wait\":0}', '{\"freeMem\":4639993856,\"timeStamp\":1598759482136,\"totalMem\":17023184896,\"usedMem\":12383191040,\"usedPercent\":7274}', '{\"jdkPath\":\"D:\\\\software\\\\jdk\\\\jre\",\"jvmFree\":205527560,\"jvmMax\":254279680,\"jvmTotal\":254279680,\"jvmUsed\":48752120,\"jvmUsedPercent\":1917,\"jvmVersion\":\"1.8.0_191\",\"timeStamp\":1598759482136}', '[{\"description\":\"Fixed drive\",\"fileFree\":180802154496,\"fileTotal\":318941163520,\"fileUsed\":138139009024,\"fsType\":\"NTFS\",\"mount\":\"C:\\\\\",\"name\":\"本地固定磁盘 (C:)\",\"timeStamp\":1598759482176},{\"description\":\"Fixed drive\",\"fileFree\":76580704256,\"fileTotal\":98377396224,\"fileUsed\":21796691968,\"fsType\":\"NTFS\",\"mount\":\"E:\\\\\",\"name\":\"本地固定磁盘 (E:)\",\"timeStamp\":1598759482176},{\"description\":\"Fixed drive\",\"fileFree\":83388293120,\"fileTotal\":93450137600,\"fileUsed\":10061844480,\"fsType\":\"NTFS\",\"mount\":\"D:\\\\\",\"name\":\"本地固定磁盘 (D:)\",\"timeStamp\":1598759482176}]', '{\"errorBytes\":0,\"hostname\":\"LAPTOP-1Q8B7JN9\",\"ip\":\"192.168.2.244\",\"macAddr\":\"7a:d9:25:da:37:3e\",\"primaryDns\":\"192.168.2.1\",\"recBytes\":332388034,\"sentBytes\":46342076,\"timeStamp\":1598759483497}', '{\"errorSpeed\":0,\"receiveSpeed\":13087,\"sendSpeed\":8268,\"timeStamp\":1598759483497}', '2020-08-30 11:51:23');
INSERT INTO `sys_monitor_0` VALUES (43, '0001', '{\"arch\":\"amd64\",\"cpuTemperature\":\"71.0\",\"fanSpeed\":0,\"serverId\":\"0001\",\"startTime\":\"2020-08-30 11:48:52\",\"timeStamp\":1598759492116,\"vendor\":\"Microsoft\",\"version\":\"Windows 10 (Home) build 18362\",\"workTime\":\"2分钟 39秒\"}', '{\"idle\":5476,\"model\":\"Intel64 Family 6 Model 142 Stepping 9\",\"name\":\"Intel(R) Core(TM) i7-7500U CPU @ 2.70GHz\",\"sysUse\":1761,\"timeStamp\":1598759492117,\"totalCores\":4,\"userUse\":2710,\"vendor\":\"GenuineIntel\",\"wait\":0}', '{\"freeMem\":4639744000,\"timeStamp\":1598759492135,\"totalMem\":17023184896,\"usedMem\":12383440896,\"usedPercent\":7274}', '{\"jdkPath\":\"D:\\\\software\\\\jdk\\\\jre\",\"jvmFree\":203608624,\"jvmMax\":254279680,\"jvmTotal\":254279680,\"jvmUsed\":50671056,\"jvmUsedPercent\":1992,\"jvmVersion\":\"1.8.0_191\",\"timeStamp\":1598759492135}', '[{\"description\":\"Fixed drive\",\"fileFree\":180802125824,\"fileTotal\":318941163520,\"fileUsed\":138139037696,\"fsType\":\"NTFS\",\"mount\":\"C:\\\\\",\"name\":\"本地固定磁盘 (C:)\",\"timeStamp\":1598759492176},{\"description\":\"Fixed drive\",\"fileFree\":76580704256,\"fileTotal\":98377396224,\"fileUsed\":21796691968,\"fsType\":\"NTFS\",\"mount\":\"E:\\\\\",\"name\":\"本地固定磁盘 (E:)\",\"timeStamp\":1598759492176},{\"description\":\"Fixed drive\",\"fileFree\":83388293120,\"fileTotal\":93450137600,\"fileUsed\":10061844480,\"fsType\":\"NTFS\",\"mount\":\"D:\\\\\",\"name\":\"本地固定磁盘 (D:)\",\"timeStamp\":1598759492176}]', '{\"errorBytes\":0,\"hostname\":\"LAPTOP-1Q8B7JN9\",\"ip\":\"192.168.2.244\",\"macAddr\":\"7a:d9:25:da:37:3e\",\"primaryDns\":\"192.168.2.1\",\"recBytes\":332409087,\"sentBytes\":46357577,\"timeStamp\":1598759493621}', '{\"errorSpeed\":0,\"receiveSpeed\":21053,\"sendSpeed\":15501,\"timeStamp\":1598759493621}', '2020-08-30 11:51:33');
INSERT INTO `sys_monitor_0` VALUES (44, '0001', '{\"arch\":\"amd64\",\"cpuTemperature\":\"70.0\",\"fanSpeed\":0,\"serverId\":\"0001\",\"startTime\":\"2020-08-30 15:06:50\",\"timeStamp\":1598771304845,\"vendor\":\"Microsoft\",\"version\":\"Windows 10 (Home) build 18362\",\"workTime\":\"1分钟 34秒\"}', '{\"idle\":5976,\"model\":\"Intel64 Family 6 Model 142 Stepping 9\",\"name\":\"Intel(R) Core(TM) i7-7500U CPU @ 2.70GHz\",\"sysUse\":1025,\"timeStamp\":1598771306416,\"totalCores\":4,\"userUse\":2968,\"vendor\":\"GenuineIntel\",\"wait\":0}', '{\"freeMem\":4585381888,\"timeStamp\":1598771306447,\"totalMem\":17023184896,\"usedMem\":12437803008,\"usedPercent\":7306}', '{\"jdkPath\":\"D:\\\\software\\\\jdk\\\\jre\",\"jvmFree\":186564200,\"jvmMax\":254279680,\"jvmTotal\":254279680,\"jvmUsed\":67715480,\"jvmUsedPercent\":2663,\"jvmVersion\":\"1.8.0_191\",\"timeStamp\":1598771306447}', '[{\"description\":\"Fixed drive\",\"fileFree\":180755525632,\"fileTotal\":318941163520,\"fileUsed\":138185637888,\"fsType\":\"NTFS\",\"mount\":\"C:\\\\\",\"name\":\"本地固定磁盘 (C:)\",\"timeStamp\":1598771306515},{\"description\":\"Fixed drive\",\"fileFree\":76578603008,\"fileTotal\":98377396224,\"fileUsed\":21798793216,\"fsType\":\"NTFS\",\"mount\":\"E:\\\\\",\"name\":\"本地固定磁盘 (E:)\",\"timeStamp\":1598771306515},{\"description\":\"Fixed drive\",\"fileFree\":83388272640,\"fileTotal\":93450137600,\"fileUsed\":10061864960,\"fsType\":\"NTFS\",\"mount\":\"D:\\\\\",\"name\":\"本地固定磁盘 (D:)\",\"timeStamp\":1598771306515}]', '{\"errorBytes\":0,\"hostname\":\"LAPTOP-1Q8B7JN9\",\"ip\":\"192.168.2.244\",\"macAddr\":\"7a:d9:25:da:37:3e\",\"primaryDns\":\"192.168.2.1\",\"recBytes\":351076795,\"sentBytes\":53033083,\"timeStamp\":1598771307985}', '{\"errorSpeed\":0,\"receiveSpeed\":0,\"sendSpeed\":0,\"timeStamp\":1598771307985}', '2020-08-30 15:08:27');
INSERT INTO `sys_monitor_0` VALUES (45, '0001', '{\"arch\":\"amd64\",\"cpuTemperature\":\"71.0\",\"fanSpeed\":0,\"serverId\":\"0001\",\"startTime\":\"2020-08-30 15:06:50\",\"timeStamp\":1598771314329,\"vendor\":\"Microsoft\",\"version\":\"Windows 10 (Home) build 18362\",\"workTime\":\"1分钟 44秒\"}', '{\"idle\":6479,\"model\":\"Intel64 Family 6 Model 142 Stepping 9\",\"name\":\"Intel(R) Core(TM) i7-7500U CPU @ 2.70GHz\",\"sysUse\":1042,\"timeStamp\":1598771314329,\"totalCores\":4,\"userUse\":2460,\"vendor\":\"GenuineIntel\",\"wait\":0}', '{\"freeMem\":4582047744,\"timeStamp\":1598771314345,\"totalMem\":17023184896,\"usedMem\":12441137152,\"usedPercent\":7308}', '{\"jdkPath\":\"D:\\\\software\\\\jdk\\\\jre\",\"jvmFree\":212867232,\"jvmMax\":254279680,\"jvmTotal\":254279680,\"jvmUsed\":41412448,\"jvmUsedPercent\":1628,\"jvmVersion\":\"1.8.0_191\",\"timeStamp\":1598771314345}', '[{\"description\":\"Fixed drive\",\"fileFree\":180755517440,\"fileTotal\":318941163520,\"fileUsed\":138185646080,\"fsType\":\"NTFS\",\"mount\":\"C:\\\\\",\"name\":\"本地固定磁盘 (C:)\",\"timeStamp\":1598771314396},{\"description\":\"Fixed drive\",\"fileFree\":76578603008,\"fileTotal\":98377396224,\"fileUsed\":21798793216,\"fsType\":\"NTFS\",\"mount\":\"E:\\\\\",\"name\":\"本地固定磁盘 (E:)\",\"timeStamp\":1598771314396},{\"description\":\"Fixed drive\",\"fileFree\":83388272640,\"fileTotal\":93450137600,\"fileUsed\":10061864960,\"fsType\":\"NTFS\",\"mount\":\"D:\\\\\",\"name\":\"本地固定磁盘 (D:)\",\"timeStamp\":1598771314396}]', '{\"errorBytes\":0,\"hostname\":\"LAPTOP-1Q8B7JN9\",\"ip\":\"192.168.2.244\",\"macAddr\":\"7a:d9:25:da:37:3e\",\"primaryDns\":\"192.168.2.1\",\"recBytes\":351079471,\"sentBytes\":53036446,\"timeStamp\":1598771315866}', '{\"errorSpeed\":0,\"receiveSpeed\":2676,\"sendSpeed\":3363,\"timeStamp\":1598771315866}', '2020-08-30 15:08:35');

-- ----------------------------
-- Table structure for sys_monitor_1
-- ----------------------------
DROP TABLE IF EXISTS `sys_monitor_1`;
CREATE TABLE `sys_monitor_1`  (
  `id` bigint(20) NOT NULL AUTO_INCREMENT,
  `server_id` varchar(50) CHARACTER SET utf8 COLLATE utf8_general_ci NULL DEFAULT NULL COMMENT '服务ID,服务识别码',
  `sys_base_info` varchar(255) CHARACTER SET utf8 COLLATE utf8_general_ci NULL DEFAULT NULL COMMENT '服务基本信息',
  `white_cpu_info` varchar(255) CHARACTER SET utf8 COLLATE utf8_general_ci NULL DEFAULT NULL COMMENT 'cpu信息',
  `mem_info` varchar(255) CHARACTER SET utf8 COLLATE utf8_general_ci NULL DEFAULT NULL COMMENT '内存信息',
  `jvm_info` varchar(255) CHARACTER SET utf8 COLLATE utf8_general_ci NULL DEFAULT NULL COMMENT 'jvm内存信息',
  `file_infos` varchar(1024) CHARACTER SET utf8 COLLATE utf8_general_ci NULL DEFAULT NULL COMMENT '文件系统信息',
  `net_info` varchar(255) CHARACTER SET utf8 COLLATE utf8_general_ci NULL DEFAULT NULL COMMENT '网络系统信息',
  `net_speed` varchar(255) CHARACTER SET utf8 COLLATE utf8_general_ci NULL DEFAULT NULL COMMENT '网络传输信息',
  `time_stamp` varchar(100) CHARACTER SET utf8 COLLATE utf8_general_ci NULL DEFAULT NULL COMMENT '记录时间',
  PRIMARY KEY (`id`) USING BTREE,
  INDEX `server_id`(`server_id`) USING BTREE
) ENGINE = InnoDB CHARACTER SET = utf8 COLLATE = utf8_general_ci ROW_FORMAT = Dynamic;

-- ----------------------------
-- Table structure for sys_monitor_2
-- ----------------------------
DROP TABLE IF EXISTS `sys_monitor_2`;
CREATE TABLE `sys_monitor_2`  (
  `id` bigint(20) NOT NULL AUTO_INCREMENT,
  `server_id` varchar(50) CHARACTER SET utf8 COLLATE utf8_general_ci NULL DEFAULT NULL COMMENT '服务ID,服务识别码',
  `sys_base_info` varchar(255) CHARACTER SET utf8 COLLATE utf8_general_ci NULL DEFAULT NULL COMMENT '服务基本信息',
  `white_cpu_info` varchar(255) CHARACTER SET utf8 COLLATE utf8_general_ci NULL DEFAULT NULL COMMENT 'cpu信息',
  `mem_info` varchar(255) CHARACTER SET utf8 COLLATE utf8_general_ci NULL DEFAULT NULL COMMENT '内存信息',
  `jvm_info` varchar(255) CHARACTER SET utf8 COLLATE utf8_general_ci NULL DEFAULT NULL COMMENT 'jvm内存信息',
  `file_infos` varchar(1024) CHARACTER SET utf8 COLLATE utf8_general_ci NULL DEFAULT NULL COMMENT '文件系统信息',
  `net_info` varchar(255) CHARACTER SET utf8 COLLATE utf8_general_ci NULL DEFAULT NULL COMMENT '网络系统信息',
  `net_speed` varchar(255) CHARACTER SET utf8 COLLATE utf8_general_ci NULL DEFAULT NULL COMMENT '网络传输信息',
  `time_stamp` varchar(100) CHARACTER SET utf8 COLLATE utf8_general_ci NULL DEFAULT NULL COMMENT '记录时间',
  PRIMARY KEY (`id`) USING BTREE,
  INDEX `server_id`(`server_id`) USING BTREE
) ENGINE = InnoDB CHARACTER SET = utf8 COLLATE = utf8_general_ci ROW_FORMAT = Dynamic;

-- ----------------------------
-- Table structure for user_basic_info
-- ----------------------------
DROP TABLE IF EXISTS `user_basic_info`;
CREATE TABLE `user_basic_info`  (
  `user_id` bigint(20) NOT NULL AUTO_INCREMENT COMMENT '主键id',
  `avatar` varchar(255) CHARACTER SET utf8 COLLATE utf8_general_ci NULL DEFAULT NULL COMMENT '头像路径信息',
  `username` varchar(45) CHARACTER SET utf8 COLLATE utf8_general_ci NOT NULL COMMENT '账号',
  `password` varchar(45) CHARACTER SET utf8 COLLATE utf8_general_ci NULL DEFAULT NULL COMMENT '密码',
  `salt` varchar(45) CHARACTER SET utf8 COLLATE utf8_general_ci NULL DEFAULT NULL COMMENT 'md5密码盐',
  `real_name` varchar(45) CHARACTER SET utf8 COLLATE utf8_general_ci NULL DEFAULT NULL COMMENT '名字',
  `birthday` datetime(0) NULL DEFAULT NULL COMMENT '生日',
  `gender` varchar(32) CHARACTER SET utf8 COLLATE utf8_general_ci NULL DEFAULT NULL COMMENT '性别',
  `dept_id` bigint(20) NULL DEFAULT NULL COMMENT '部门ID',
  `dept_name` varchar(30) CHARACTER SET utf8 COLLATE utf8_general_ci NULL DEFAULT NULL COMMENT '部门名称',
  `position_id` bigint(20) NULL DEFAULT NULL COMMENT '职务ID',
  `position_name` varchar(30) CHARACTER SET utf8 COLLATE utf8_general_ci NULL DEFAULT NULL COMMENT '职务名称',
  `email` varchar(45) CHARACTER SET utf8 COLLATE utf8_general_ci NULL DEFAULT NULL COMMENT '电子邮件',
  `telephone` varchar(45) CHARACTER SET utf8 COLLATE utf8_general_ci NULL DEFAULT NULL COMMENT '电话',
  `user_status` int(11) NULL DEFAULT NULL COMMENT '状态(字典)',
  `create_time` datetime(0) NULL DEFAULT NULL COMMENT '创建时间',
  `create_user_id` bigint(20) NULL DEFAULT NULL COMMENT '创建人',
  `update_time` datetime(0) NULL DEFAULT NULL COMMENT '更新时间',
  `update_user_id` bigint(20) NULL DEFAULT NULL COMMENT '更新人',
  `user_version` int(11) NULL DEFAULT NULL COMMENT '版本控制',
  PRIMARY KEY (`user_id`, `username`) USING BTREE
) ENGINE = InnoDB AUTO_INCREMENT = 16 CHARACTER SET = utf8 COLLATE = utf8_general_ci COMMENT = '用户基本信息表' ROW_FORMAT = Dynamic;

-- ----------------------------
-- Records of user_basic_info
-- ----------------------------
INSERT INTO `user_basic_info` VALUES (1, '252363687457946', 'admin', 'f8267e1b95e7e54b08aff93a42151df9', 'rg`@Y61', 'GrainRain', '2018-09-03 00:00:00', '男', 4, '总经办', 4, '总经理', '306499331@126.com', '18883033906', 0, '2020-06-02 10:20:36', 1, '2020-07-23 23:21:58', 1, 5);
INSERT INTO `user_basic_info` VALUES (2, NULL, 'taixian', '32f0fd5b4b3e58358de083de9f2b68b9', '1aErQB8', '太闲', '1991-02-11 00:00:00', '男', 4, '总经办', 10, '技术总监', 'yung2mao@126.com', '18011674518', 0, '2020-06-18 15:45:07', 1, '2020-07-26 10:42:02', 1, 1);
INSERT INTO `user_basic_info` VALUES (3, NULL, 'yixia', '207c75c35ded73ff542b9ab11e14df6c', '28fmNmg', '易霞', '1987-11-23 00:00:00', '女', 4, '总经办', 9, '财务总监', 'yixia@126.com', '17309740884', 0, '2020-06-24 21:57:44', 2, '2020-08-23 10:06:28', 1, 5);
INSERT INTO `user_basic_info` VALUES (10, NULL, 'chendong', '85921c2bf87866709f41db3dd5567d1f', 'Zvp4o;<', '晨董', '2020-05-05 00:00:00', '男', 5, '研发部', 7, '项目经理', 'chendong@123.com', '15376438627', 0, '2020-06-27 22:17:21', 1, '2020-07-25 16:09:20', 1, 1);
INSERT INTO `user_basic_info` VALUES (12, NULL, 'diangonghuang', 'f2007bbdea28107a41c7c354c987d105', 'U9k2wnc', '德州扑克', '1990-07-03 01:00:00', '男', 9, '成都分公司', 16, '大区经理-成都', 'hung@126.com', '15946537656', 0, '2020-07-19 17:40:39', 2, '2020-07-26 10:40:51', 1, 0);
INSERT INTO `user_basic_info` VALUES (13, NULL, 'tufangjiang', 'b763517950002692b116b2967191bda5', 'UV4SsIg', '僵尸粉', '2019-07-10 00:00:00', '男', 5, '研发部', 6, '研发部长', 'jiang@126.com', '13978567865', 0, '2020-07-19 17:40:55', 2, '2020-07-26 10:42:22', 1, 0);
INSERT INTO `user_basic_info` VALUES (14, NULL, 'anpei', '46bdf0dc55b95d0d508fb85ed314aff8', '_\\LPbZR', '安培', '1997-07-08 00:00:00', '男', 11, '财务部', 17, '财务部长', 'anpei@126.com', '13245674328', 0, '2020-07-23 22:59:35', 1, '2020-07-26 12:34:52', 1, 2);
INSERT INTO `user_basic_info` VALUES (15, NULL, 'dalaoxu', 'ccb15fc9d4912a73feedbd5631f30150', 'QvZ9W5Q', '大佬徐', '2003-07-01 00:00:00', '男', 2, '董事会', 1, '董事长', 'dalaoxu@126.com', '18753745367', 0, '2020-07-25 11:53:35', 1, '2020-07-26 10:42:27', 1, 1);

-- ----------------------------
-- Table structure for user_role
-- ----------------------------
DROP TABLE IF EXISTS `user_role`;
CREATE TABLE `user_role`  (
  `role_id` bigint(20) NOT NULL AUTO_INCREMENT COMMENT '主键id',
  `name` varchar(70) CHARACTER SET utf8 COLLATE utf8_general_ci NULL DEFAULT NULL COMMENT '角色名称',
  `description` varchar(255) CHARACTER SET utf8 COLLATE utf8_general_ci NULL DEFAULT NULL COMMENT '提示',
  `sort` int(11) NULL DEFAULT NULL COMMENT '排序',
  `role_status` int(11) NULL DEFAULT NULL COMMENT '角色状态',
  `version` int(11) NULL DEFAULT NULL COMMENT '乐观锁',
  `create_user_id` bigint(50) NULL DEFAULT NULL COMMENT '创建用户',
  `create_time` datetime(0) NULL DEFAULT NULL COMMENT '创建时间',
  `update_user_id` bigint(50) NULL DEFAULT NULL COMMENT '修改用户',
  `update_time` datetime(0) NULL DEFAULT NULL COMMENT '修改时间',
  PRIMARY KEY (`role_id`) USING BTREE
) ENGINE = InnoDB AUTO_INCREMENT = 8 CHARACTER SET = utf8 COLLATE = utf8_general_ci COMMENT = '用户角色表' ROW_FORMAT = Dynamic;

-- ----------------------------
-- Records of user_role
-- ----------------------------
INSERT INTO `user_role` VALUES (1, 'SUPER_MANAGER', '开发模式', 1, 0, 3, 1, '2020-05-30 15:50:11', 1, '2020-08-01 09:25:22');
INSERT INTO `user_role` VALUES (2, 'NORMAL', '普通用户', 10, 0, 1, 2, '2020-06-28 21:35:49', 2, '2020-06-28 21:35:52');
INSERT INTO `user_role` VALUES (3, 'MANAGER', '子系统管理员', 2, 0, 5, 2, '2020-06-28 22:38:18', 1, '2020-07-25 08:58:10');
INSERT INTO `user_role` VALUES (5, 'GUA', '瓜神', 3, 0, 7, 1, '2020-07-02 22:11:19', 1, '2020-07-13 22:40:30');
INSERT INTO `user_role` VALUES (6, 'INSPECTORS', '督察', 4, 1, 2, 1, '2020-07-13 22:07:56', 1, '2020-07-14 23:18:48');
INSERT INTO `user_role` VALUES (7, 'OBSERVER', '观察员', 5, 0, 1, 1, '2020-07-23 22:59:04', 1, '2020-07-23 22:59:19');

-- ----------------------------
-- Table structure for user_role_relation
-- ----------------------------
DROP TABLE IF EXISTS `user_role_relation`;
CREATE TABLE `user_role_relation`  (
  `id` bigint(20) NOT NULL AUTO_INCREMENT COMMENT '主键ID',
  `user_id` bigint(20) NULL DEFAULT NULL COMMENT '用户ID',
  `role_id` bigint(20) NULL DEFAULT NULL COMMENT '角色ID',
  PRIMARY KEY (`id`) USING BTREE
) ENGINE = InnoDB AUTO_INCREMENT = 29 CHARACTER SET = armscii8 COLLATE = armscii8_general_ci ROW_FORMAT = Dynamic;

-- ----------------------------
-- Records of user_role_relation
-- ----------------------------
INSERT INTO `user_role_relation` VALUES (1, 1, 1);
INSERT INTO `user_role_relation` VALUES (2, 1, 2);
INSERT INTO `user_role_relation` VALUES (11, 10, 2);
INSERT INTO `user_role_relation` VALUES (19, 3, 2);
INSERT INTO `user_role_relation` VALUES (20, 3, 3);
INSERT INTO `user_role_relation` VALUES (21, 2, 3);
INSERT INTO `user_role_relation` VALUES (22, 12, 2);
INSERT INTO `user_role_relation` VALUES (23, 13, 2);
INSERT INTO `user_role_relation` VALUES (25, 14, 3);
INSERT INTO `user_role_relation` VALUES (26, 14, 5);
INSERT INTO `user_role_relation` VALUES (28, 15, 7);

SET FOREIGN_KEY_CHECKS = 1;
